tree
version=v4
num_class=1
num_tree_per_iteration=1
label_index=0
max_feature_idx=42
objective=regression
feature_names=dS dP dZ dB dG dPS dPZ dSG dSB cstd cmean nn_real nn_aniso pstd zstd md_since hd_since frac dz dzdmd gr grm21 grs21 grm101 grs101 gres_S twgr_S twgr_P gr_anchor lk btS btP btZ btB btG btBlend btPS_ratio pfx_gr cutn npred slp700 slp50 tw_span
feature_infos=[-131.29631042480469:278.3438720703125] [-81.377578735351562:55.689685821533203] [-81.761482238769531:87.368362426757812] [-14.079648017883301:19.580194473266602] [-227.14004516601562:237.27702331542969] [-261.4783935546875:151.70989990234375] [-80.662109375:130.263671875] [-275.32223510742188:345.37295532226562] [-130.08859252929688:279.96368408203125] [0.051114495843648911:118.43827056884766] [-61.700630187988281:73.96331787109375] [0:7847.47216796875] [0:38806.25] [0.0034870256204158068:27.064628601074219] [0.10393737256526947:18.038066864013672] [1:10009] [0.98112177848815918:10001.2109375] [0:1] [-339.35000610351562:420.42001342773438] [-0.21500000357627869:0.1550000011920929] [19.463857650756836:234.51875305175781] [21.995609283447266:228.23255920410156] [0:76.317054748535156] [26.571304321289062:215.64289855957031] [0.57294481992721558:67.305671691894531] [-154.26072692871094:167.02201843261719] [25.639291763305664:207.95211791992188] [25.987913131713867:201.01289367675781] [-109.62628936767578:160.92088317871094] [10071.900390625:12824.3701171875] [0.083716988563537598:122.30381774902344] [0.27447542548179626:27.070512771606445] [0.34301504492759705:61.578544616699219] [0.19735600054264069:146.51863098144531] [0.03056047298014164:67.074966430664062] [0.44828763604164124:31.153240203857422] [0.013006723485887051:18.157138824462891] [5.5823068618774414:26.944284439086914] [1052:2362] [1615:10018] [-0.072946295142173767:0.068027257919311523] [-0.090717896819114685:0.33426281809806824] [322:1377.800048828125]
tree_sizes=8860 9021 8980 9004 9018 8968 8968 8988 9010 9022 8980

Tree=0
num_leaves=96
num_cat=0
split_feature=7 10 40 42 5 40 32 5 36 8 12 13 12 30 10 3 3 34 1 36 1 30 10 15 16 31 0 29 42 31 13 29 33 8 38 3 40 3 38 5 31 31 5 7 1 38 13 39 13 15 26 31 15 16 34 36 16 27 13 2 42 36 29 5 5 42 6 0 10 33 6 7 16 30 6 29 32 4 29 5 34 32 42 42 4 15 33 5 39 9 9 8 40 30 12
split_gain=1.47868e+07 8.77377e+06 8.46036e+06 8.4404e+06 8.05268e+06 4.31569e+06 4.11951e+06 3.65809e+06 5.54012e+06 2.82305e+06 2.80912e+06 2.76388e+06 2.07885e+06 2.0774e+06 1.80536e+06 1.75643e+06 1.74996e+06 1.73166e+06 1.71866e+06 1.5055e+06 1.41011e+06 1.27752e+06 1.21984e+06 1.15972e+06 1.14679e+06 1.14248e+06 1.64303e+06 1.10849e+06 1.64609e+06 1.09859e+06 960401 958490 910933 903394 871873 850505 835835 754789 749009 1.05944e+06 767089 808234 731293 808190 713570 707043 699491 694463 684397 681301 634084 634068 608101 543501 519539 513157 496078 485265 460725 456214 452282 447169 565140 445811 436539 434518 826187 634250 428660 427161 425736 418711 417149 417108 977517 482728 564253 695184 485533 442402 415272 408277 401727 392830 382545 372066 365610 345828 555280 345297 343213 339944 327320 321891 321253
threshold=122.74952316284181 27.063069343566898 -0.010668246075510977 446.34500122070318 50.265832901000984 -0.012355337385088204 2.6718934774398808 -20.503766059875485 0.54048097133636486 -88.34450531005858 557.92361450195324 12.073575973510744 1499.3757324218752 11.16567373275757 15.511075019836428 -0.54486328363418568 2.515292882919312 13.438017368316652 3.6978710889816289 0.54902824759483349 -18.043007850646969 24.122233390808109 29.454419136047367 4402.5000000000009 3131.0468750000005 4.2311358451843271 14.909390449523928 11129.915039062502 933.80999755859386 0.52924808859825145 4.7197000980377206 11432.215332031252 8.5476627349853533 -44.805976867675774 1922.0000000000002 -1.8299609422683714 1.0000000180025095e-35 -2.9399024248123165 2126.0000000000005 30.244591712951664 0.40869252383708959 0.44581188261508947 -36.948207855224602 10.455399990081789 3.3654493093490605 1933.5000000000002 4.1308403015136728 5069.5000000000009 10.301419734954836 5905.5000000000009 100.76378631591798 7.1841576099395761 1998.5000000000002 2170.8205566406255 1.6923628449440005 0.7332829236984254 1551.492614746094 71.973400115966811 3.042803287506104 28.959062576293949 764.76000976562511 0.49186640977859503 11440.090332031252 7.3349852561950692 -26.472306251525875 644.79498291015636 8.9506835937500018 -32.072938919067376 18.461318969726566 4.2648112773895273 -21.904785156249996 -48.006473541259759 5423.0537109375009 1.7840750217437746 19.414550781250004 11212.325195312502 4.8581759929656991 57.293500900268562 10958.740234375002 -8.9394273757934553 13.548631668090822 0.89194133877754223 1106.5650024414065 644.79498291015636 71.365947723388686 2239.5000000000005 3.5771925449371342 31.905521392822269 5442.0000000000009 12.684869766235353 11.655623435974123 -88.34450531005858 0.027238593436777595 2.4302027225494389 374.20140075683599
decision_type=2 2 2 2 2 2 2 2 2 2 2 2 2 2 2 2 2 2 2 2 2 2 2 2 2 2 2 2 2 2 2 2 2 2 2 2 2 2 2 2 2 2 2 2 2 2 2 2 2 2 2 2 2 2 2 2 2 2 2 2 2 2 2 2 2 2 2 2 2 2 2 2 2 2 2 2 2 2 2 2 2 2 2 2 2 2 2 2 2 2 2 2 2 2 2
left_child=2 10 3 24 7 9 15 8 12 -5 49 25 14 22 30 85 90 19 32 -10 23 37 36 -15 -1 34 33 52 -29 -20 82 -16 -13 -27 35 46 70 -8 40 -40 63 56 43 -37 -21 -19 -11 -12 73 -2 -48 72 60 -30 -14 68 -42 -17 -57 -24 -22 62 92 -38 -36 66 -44 -67 -28 -55 -9 -35 -50 74 79 78 77 -77 -75 -43 -54 -68 -4 -78 -33 -6 -73 -69 -89 -18 -7 -39 -32 -31 -64
right_child=1 -3 4 5 6 16 21 13 17 11 47 18 54 20 31 57 89 45 29 44 27 -23 59 -25 -26 26 55 28 53 93 61 84 -34 71 64 42 38 91 39 -41 41 48 65 -45 -46 -47 50 -49 51 -51 -52 -53 80 69 -56 58 -58 -59 -60 -61 -62 -63 94 -65 -66 67 81 87 -70 -71 -72 86 -74 75 -76 76 83 -79 -80 -81 -82 -83 -84 -85 -86 -87 -88 88 -90 -91 -92 -93 -94 -95 -96
leaf_value=1.4523538231519248 -0.12061960704591579 -5.3953474173516751 0.56681701271613738 3.3855248875938324 1.3542212442261594 0.69133586048611606 3.3674411938158011 1.5849659327287147 2.2008389141126363 0.4874993787722387 0.1274244040076819 0.13012256529721583 0.85496573511125118 0.98943618972840885 2.0606304141001348 -0.42612009125201078 -0.31335743063143617 -0.084632562970766267 -1.7645537280064287 1.2562746549583599 1.571215571008127 -0.86658737766243921 0.95723497300809934 2.0225266020207155 2.8232958619493331 -0.27045681866575022 -0.032702637620080188 0.41294033782471196 0.70038924280926662 0.42895197546123831 0.66128171834401894 0.6541668627080105 1.1136865063359116 -0.052036588604110756 1.5529678362684654 2.1522389461000957 0.57672551648241188 0.39110279172923212 0.46631146791854994 -0.53481178272199215 1.0533844177268494 0.98122325210448802 0.52918085225338563 0.1844878794007424 0.45744500823320688 2.2640546827521746 0.063450228293951638 -1.5823872489266289 0.7936482739256473 1.2976707362048354 0.60959481489456535 1.2906681856625419 0.98622378947892098 1.6324344511849818 -0.02941288449356716 0.36178225633325761 2.7347401306709256 2.0613632463678875 -0.11290519746609795 -0.55458197956659638 0.68283674761000868 1.2450642558571794 0.83197812847053154 -0.09043222615855484 0.74818951379522325 1.3244731041983071 -0.76225845053240049 0.5703428226663243 -0.81928337596255851 0.95958708395916581 0.86273599046605187 0.12119712379332764 0.4372356279093299 0.55956408272283342 -0.44657382856782857 0.51129533498687485 0.22676903168936191 -0.1197719233538056 0.73320749694260523 0.67860843401168691 1.4137554101405869 0.11688334835686526 0.030198366992370329 0.67320021707579869 1.54820410004363 3.628974224079502 0.53514128540627981 0.94041164418720757 -0.061470747576333751 -1.1869909747909557 -0.099128518872870441 1.2118066058902071 1.240451010292547 -0.1460754080130785 0.35469039859076279
leaf_weight=2548 3471 1101 13726 824 196 1998 340 2356 3949 48614 666 4614 1985 7864 4026 199 1444 334 1012 20176 1576 964 597 4150 3819 4081 4518 34890 24843 2707 3605 2915 4800 3443 1793 1455 4334 1839 16525 3143 1236 14765 21413 811 3244 7106 24173 5631 46528 1117 6812 5551 14261 2658 10116 11550 679 7975 9174 3000 15471 6752 6608 5928 27319 2742 1656 238490 2816 20868 15149 5685 9966 73675 1790 182566 5223 4468 88747 66307 9449 6513 4673 86305 2027 2532 85810 1902 5050 5396 4384 4008 7547 24293 7551
leaf_count=2548 3471 1101 13726 824 196 1998 340 2356 3949 48614 666 4614 1985 7864 4026 199 1444 334 1012 20176 1576 964 597 4150 3819 4081 4518 34890 24843 2707 3605 2915 4800 3443 1793 1455 4334 1839 16525 3143 1236 14765 21413 811 3244 7106 24173 5631 46528 1117 6812 5551 14261 2658 10116 11550 679 7975 9174 3000 15471 6752 6608 5928 27319 2742 1656 238490 2816 20868 15149 5685 9966 73675 1790 182566 5223 4468 88747 66307 9449 6513 4673 86305 2027 2532 85810 1902 5050 5396 4384 4008 7547 24293 7551
internal_value=0.601205 -1.14766 0.61544 0.465406 0.711151 0.445084 1.75641 0.689733 0.964723 0.466391 -0.716475 0.462028 0.712954 0.651993 0.834588 2.368 -0.447556 1.48204 0.0471553 1.29803 0.829407 0.823678 0.614215 1.34656 2.27532 0.492133 0.361985 0.779291 0.674697 -0.14925 0.718388 1.48817 0.631624 0.457698 0.534679 0.513374 0.619416 1.08762 0.60976 0.30618 0.619745 0.627228 0.55437 1.44836 1.14562 2.15838 0.369155 -1.40186 0.623873 0.224909 0.183508 0.780892 0.992936 0.86351 0.115684 0.0242582 1.65195 2.00045 0.151577 -0.303575 0.765124 0.883616 0.787131 0.191242 0.797849 0.547068 0.36594 0.56866 -0.33518 1.03573 0.960093 0.489025 0.730769 0.605275 0.708199 0.585935 0.545989 0.496209 0.654443 0.733733 1.15669 -0.0617697 0.430455 0.647713 1.02122 3.46655 0.509406 0.560207 0.212663 -1.00304 0.148267 0.953703 1.0533 -0.0884493 0.577442
internal_weight=1.48491e+06 11986 1.47292e+06 573659 899261 567292 18053 881208 106340 554070 10885 553246 71531 774868 59430 10902 13222 34809 37426 27369 136030 7151 638838 12014 6367 515820 127077 124016 83259 28012 50462 8968 9414 99019 388743 359631 635241 6187 617736 19668 598068 587806 280032 2266 23420 7440 79599 6297 585891 4588 30985 62045 40757 48369 12101 28058 1915 8174 20724 3597 17047 32063 25311 10262 29112 277766 29582 248184 7334 23526 17505 94938 56494 523846 82862 440984 278562 187034 162422 81072 23710 8169 18399 91528 4942 2728 91495 245442 6952 6840 6382 5847 11152 27000 14159
internal_count=1484906 11986 1472920 573659 899261 567292 18053 881208 106340 554070 10885 553246 71531 774868 59430 10902 13222 34809 37426 27369 136030 7151 638838 12014 6367 515820 127077 124016 83259 28012 50462 8968 9414 99019 388743 359631 635241 6187 617736 19668 598068 587806 280032 2266 23420 7440 79599 6297 585891 4588 30985 62045 40757 48369 12101 28058 1915 8174 20724 3597 17047 32063 25311 10262 29112 277766 29582 248184 7334 23526 17505 94938 56494 523846 82862 440984 278562 187034 162422 81072 23710 8169 18399 91528 4942 2728 91495 245442 6952 6840 6382 5847 11152 27000 14159
is_linear=0
shrinkage=1


Tree=1
num_leaves=96
num_cat=0
split_feature=5 40 42 5 40 9 32 5 31 12 0 13 3 13 30 1 3 34 1 12 18 29 15 42 31 0 15 40 31 8 4 42 39 18 15 40 1 4 18 1 8 4 33 3 31 6 42 5 4 40 0 29 42 6 41 30 3 31 13 3 39 42 31 42 1 34 5 18 40 3 27 33 40 34 31 40 13 6 30 34 4 9 5 5 9 0 42 41 15 9 18 34 41 13 5
split_gain=1.14535e+07 8.3539e+06 7.75802e+06 7.34138e+06 6.8579e+06 6.74849e+06 3.64799e+06 3.64752e+06 3.8107e+06 2.77503e+06 2.60409e+06 2.66472e+06 2.53911e+06 1.78222e+06 1.6931e+06 1.62225e+06 1.59937e+06 1.34654e+06 1.31288e+06 1.23927e+06 1.17854e+06 1.13939e+06 1.04991e+06 1.03745e+06 1.01771e+06 1.52486e+06 1.01043e+06 996336 964031 959397 951394 890643 1.05488e+06 852296 841025 776746 749649 743034 742621 700037 958428 848402 676295 611941 601798 1.13511e+06 825352 785752 627290 626419 605929 592194 666378 613675 562629 543435 542638 792166 549092 538328 523668 495192 474813 465320 562176 463621 462185 517886 454627 451476 449905 449660 445564 441755 438199 397776 391154 380708 366361 401955 358191 352157 351430 322500 321826 319382 317278 397390 310492 304104 298141 284884 417622 327672 286078
threshold=-87.615394592285142 -0.010668246075510977 446.34500122070318 50.265832901000984 -0.012355337385088204 74.107799530029311 2.6718934774398808 -20.503766059875485 6.0373165607452401 296.11135864257818 -83.758422851562486 12.073575973510744 2.515292882919312 5.4439718723297128 11.16567373275757 1.3425976634025576 -0.54486328363418568 13.438017368316652 -18.043007850646969 2057.828002929688 110.28499984741212 11416.645019531252 4402.5000000000009 545.47500610351574 4.2311358451843271 14.909390449523928 3146.5000000000005 0.043036350980401046 0.52924808859825145 80.454650878906264 113.4292449951172 1222.7750244140627 6615.0000000000009 28.394999504089359 2690.5000000000005 -1.0000000180025095e-35 -4.1459374427795401 -35.266574859619134 -35.305000305175774 -10.432460784912108 -41.367136001586907 46.509344100952156 8.5476627349853533 -4.0850195884704581 2.4089046716690068 9.4819335937500018 641.95498657226574 -36.948207855224602 44.707319259643562 -0.034180369228124612 -38.340248107910149 11129.915039062502 933.80999755859386 6.1137695312500009 0.010725214611738922 2.4302027225494389 -5.1948046684265128 0.74574211239814769 17.780648231506351 -2.9399024248123165 3688.0000000000005 697.62002563476574 7.8149542808532724 800.47000122070324 14.774492263793947 2.4283598661422734 12.359272480010988 -140.23500061035153 0.02572038117796183 -2.9399024248123165 71.973400115966811 4.162795066833497 -0.038115851581096642 0.5667330026626588 0.59211811423301708 0.053465092554688461 11.088291168212892 -21.904785156249996 3.0318156480789189 9.6047687530517596 52.41943550109864 6.4018876552581796 38.583957672119148 6.502317190170289 7.673537254333497 30.291492462158207 942.75000000000011 -0.016214418224990364 2239.5000000000005 10.98710870742798 113.03499984741212 1.7257559299468996 0.029891829006373886 4.4449455738067636 -8.9394273757934553
decision_type=2 2 2 2 2 2 2 2 2 2 2 2 2 2 2 2 2 2 2 2 2 2 2 2 2 2 2 2 2 2 2 2 2 2 2 2 2 2 2 2 2 2 2 2 2 2 2 2 2 2 2 2 2 2 2 2 2 2 2 2 2 2 2 2 2 2 2 2 2 2 2 2 2 2 2 2 2 2 2 2 2 2 2 2 2 2 2 2 2 2 2 2 2 2 2
left_child=5 2 26 7 10 21 16 8 9 27 -4 24 89 43 30 42 88 62 22 23 69 -1 -16 -15 44 33 -2 -3 -17 36 35 32 51 78 -33 77 68 -14 -37 61 71 56 -13 -11 45 47 -47 48 -12 72 -49 53 90 81 65 -30 57 -42 63 -22 -51 -40 -10 64 -58 -46 67 -27 -25 -8 -18 -41 -48 -65 -62 -43 -63 -9 -26 80 -80 -20 91 -75 -54 -34 -85 -88 -5 -6 -53 -52 93 -93 -94
right_child=1 3 4 6 12 -7 20 14 17 13 11 15 37 19 18 28 70 -19 31 -21 59 -23 -24 29 25 66 -28 -29 55 -31 -32 34 85 -35 -36 38 -38 -39 39 40 41 75 -44 -45 54 46 49 50 -50 60 82 52 84 -55 -56 -57 58 -59 -60 -61 74 76 -64 73 -66 -67 -68 -69 -70 -71 -72 -73 -74 83 -76 -77 -78 -79 79 -81 -82 -83 -84 86 -86 -87 87 -89 -90 -91 -92 92 94 -95 -96
leaf_value=-0.21679213388089913 0.81837463612128991 0.60008831667674456 2.6319873278801569 0.71342921132626735 0.097405685745344209 -5.7339461902664031 2.6293659209112046 0.93301711811896204 -0.55342890191205685 -0.72573993538696091 -0.76820992978462732 -0.39069465067021425 -2.2424930957174065 1.4358821597279823 0.36707214816686479 -2.235898760680997 -0.9751927277675041 1.5673081556107711 0.056161593763183797 -0.58297060062802875 -1.4001266425715833 -1.8721571724734289 1.3556052433582955 -0.028016659083240358 0.0072740408723250705 -0.77764322849837131 2.1034764722862258 1.51641553113121 -0.08813240215989919 1.5070221552187941 -0.91423720324534818 0.072411666194787935 -0.36514625075107765 -1.1025378881855834 1.0542051408067563 -0.72920814355260466 -0.013549138839052108 -1.3283469738131612 0.36773311644099932 -1.1188378679291657 1.6440792941953679 -0.17884974583866697 0.57034111599867854 -0.10952655268280431 -0.31645594921560694 -0.7526765986897308 -0.20806301015618162 0.82832104960451769 1.4792360368568032 0.3149464489378182 0.078896589488598026 -0.039604319634247924 0.027210523204392847 0.87674151670132938 0.35565807043269343 -0.72469600060436479 -0.066746036654017363 0.19659773499181604 0.64141096753601756 -0.031216159957330875 -0.93076189236205042 0.040706089742767668 0.76240822543434961 -0.62549628339234309 -0.476737412417024 0.077330420332296923 -1.5118117660636996 -0.33069274913585295 0.55121310472874319 0.7222906027786884 1.3855368999535151 0.69658647171371735 0.15409553970679515 -0.0017537092354134296 -0.33464441080445378 -0.8396728674164694 0.3322130316108089 0.25125914413799816 -0.24828030835551718 0.014146807531698362 -1.0909499713500386 0.41819479391084063 -1.0330856062527543 0.27354944891675065 0.30951272524549428 0.21410639933455256 0.35568302369797045 -0.04696237982079688 2.8711244908035298 -0.65962507406224402 -0.52622586694565288 -0.065969530559846321 0.3800623898645753 -0.22849213767528048 0.015324987167761095
leaf_weight=1472 2548 12758 849 181 1893 1084 346 2359 745 4895 394 3369 4057 2163 7813 979 205 7286 11612 3711 944 3542 4093 4162 38501 10754 3846 3866 3844 1606 2757 3781 12913 2221 5154 3406 14993 4963 17099 2714 1010 4888 4002 22715 9421 7506 19055 1966 1434 2832 37081 20251 15454 4826 14267 26282 122452 14150 3204 2973 3402 91234 8320 2656 8971 36129 1196 16327 18197 2858 8058 388 15317 269795 32723 4264 13166 15430 40441 16948 1299 15935 907 22744 29117 2915 7729 29535 2526 4425 3724 125169 6430 41228 32723
leaf_count=1472 2548 12758 849 181 1893 1084 346 2359 745 4895 394 3369 4057 2163 7813 979 205 7286 11612 3711 944 3542 4093 4162 38501 10754 3846 3866 3844 1606 2757 3781 12913 2221 5154 3406 14993 4963 17099 2714 1010 4888 4002 22715 9421 7506 19055 1966 1434 2832 37081 20251 15454 4826 14267 26282 122452 14150 3204 2973 3402 91234 8320 2656 8971 36129 1196 16327 18197 2858 8058 388 15317 269795 32723 4264 13166 15430 40441 16948 1299 15935 907 22744 29117 2915 7729 29535 2526 4425 3724 125169 6430 41228 32723
internal_value=0.000102343 0.0090279 -0.139565 0.104137 -0.158985 -2.16184 1.10112 0.083706 0.359699 0.230875 -0.130159 -0.134405 -1.20183 0.0971643 0.0462862 -0.535787 1.67304 1.06125 0.205407 0.29178 0.219722 -1.3866 0.707162 0.37076 -0.104454 -0.226893 1.59199 0.81342 -0.69382 0.311517 0.0120747 0.15786 0.121028 -0.134731 0.638906 0.016087 0.259997 -1.74012 0.00673076 0.0108035 -0.0156174 -0.010084 0.131108 -0.218843 -0.0641566 -0.0907426 -0.2534 -0.0375793 0.994364 -0.202265 -0.0452752 0.18055 0.0973057 0.356786 0.0816961 -0.643489 -0.00103197 0.293339 -0.0105881 -0.361944 -0.339526 0.118334 0.65412 -0.0150955 -0.0947425 -0.00413092 -0.550848 -0.508246 0.443403 0.930503 1.32664 -0.891309 -0.0466769 0.01639 -0.390855 -0.486908 0.0774769 0.341809 -0.112581 -0.191206 -0.274582 0.265608 -0.0523375 0.0215649 0.211639 -0.258446 0.1264 0.0365729 2.7278 -0.432864 -0.115247 -0.0486586 -0.0716702 -0.106241 0.0752495
internal_weight=1.48387e+06 1.47778e+06 576728 901047 570334 6098 18091 882956 105417 89066 554996 554147 15338 72442 777539 38476 10970 16351 137588 44832 7121 5014 11906 41121 515671 127687 6394 16624 31105 38958 639951 125682 116747 99410 8935 637194 37352 9020 619405 615999 494500 491398 7371 27610 387984 328167 80835 247332 1828 73329 245504 100919 68546 32373 59817 30126 482246 15160 467086 3917 38957 121499 9065 463882 131423 45550 28277 27081 22359 3204 8263 3102 34372 332459 36125 9152 104400 17789 97189 58688 41740 27547 243538 329803 44571 15828 60008 37264 2707 6318 23975 242631 205550 166397 39153
internal_count=1483873 1477775 576728 901047 570334 6098 18091 882956 105417 89066 554996 554147 15338 72442 777539 38476 10970 16351 137588 44832 7121 5014 11906 41121 515671 127687 6394 16624 31105 38958 639951 125682 116747 99410 8935 637194 37352 9020 619405 615999 494500 491398 7371 27610 387984 328167 80835 247332 1828 73329 245504 100919 68546 32373 59817 30126 482246 15160 467086 3917 38957 121499 9065 463882 131423 45550 28277 27081 22359 3204 8263 3102 34372 332459 36125 9152 104400 17789 97189 58688 41740 27547 243538 329803 44571 15828 60008 37264 2707 6318 23975 242631 205550 166397 39153
is_linear=0
shrinkage=0.05


Tree=2
num_leaves=96
num_cat=0
split_feature=7 26 40 42 5 40 32 5 31 8 11 5 30 1 42 39 2 3 3 4 34 35 18 32 18 11 40 9 6 11 42 3 32 38 3 2 11 5 40 18 0 42 38 5 40 18 0 35 31 30 33 7 33 6 34 32 39 6 2 37 31 29 5 30 3 39 38 1 33 3 11 19 23 16 6 11 9 4 40 42 11 11 35 7 9 16 9 37 16 2 29 3 8 38 29
split_gain=1.24764e+07 7.27056e+06 6.88533e+06 6.89356e+06 6.5266e+06 3.57118e+06 3.34077e+06 3.01788e+06 3.52315e+06 2.4212e+06 2.40342e+06 2.32777e+06 1.71026e+06 1.57143e+06 1.56559e+06 1.55985e+06 1.56373e+06 1.43459e+06 1.42046e+06 1.31525e+06 1.22326e+06 1.15614e+06 1.23806e+06 1.67661e+06 1.065e+06 919467 910754 883448 835265 828948 806481 782408 773681 1.34773e+06 949644 732402 699368 728965 697456 829383 677104 656567 654923 860264 680488 650843 837264 606112 596506 596228 575687 658124 569380 552340 796424 584173 533681 502098 495666 478553 433832 427302 820811 483364 424258 424078 417805 408591 406682 404509 396236 383522 379141 367277 337158 336250 332851 332476 331146 317824 324696 310401 308972 311626 301591 298226 294253 292233 291526 281090 279205 275648 271505 271321 269856
threshold=122.74952316284181 51.716773986816413 -0.010668246075510977 446.34500122070318 50.265832901000984 -0.012355337385088204 2.6718934774398808 -20.503766059875485 6.0373165607452401 -88.34450531005858 302.52630615234381 -46.172399520874016 11.16567373275757 35.987577438354499 1106.5650024414065 9064.5000000000018 -54.36353683471679 2.0549803972244267 -0.54486328363418568 15.568095684051515 13.438017368316652 7.2590444087982187 91.075000762939467 1.2335216999053957 110.28499984741212 622.16375732421886 0.043036350980401046 57.547273635864265 5.3198242187500009 407.83424377441412 979.87500000000011 1.8996093869209292 1.967213034629822 1551.5000000000002 0.14519531279802325 28.959062576293949 2321.7058105468755 -36.948207855224602 -1.0000000180025095e-35 -35.305000305175774 29.290975570678714 975.74499511718761 2126.0000000000005 27.328667640686039 0.04591519013047219 21.904999732971195 -41.56446456909179 4.0454916954040536 4.9088244438171396 5.9932017326354989 4.0864844322204599 -31.590016365051266 8.1844201087951678 -3.5327148437499996 9.0663256645202654 1.3046403527259829 5442.0000000000009 14.652832031250002 4.3501172065734872 20.454688072204593 7.8149542808532724 10958.740234375002 24.886602401733402 1.429720461368561 4.0551562309265146 4287.5000000000009 2126.0000000000005 -1.0000000180025095e-35 3.2779136896133427 -2.9399024248123165 707.96908569335949 0.10369047522544862 104.06687164306642 5546.2785644531259 -21.904785156249996 134.84139251708987 13.254971504211428 63.520360946655281 -0.031716018915176385 599.30999755859386 1766.9082031250002 1741.3652343750002 6.0534963607788095 7.6841430664062509 9.7999711036682147 2231.533813476563 11.559701442718508 16.429944992065433 1398.3743286132815 1.5076562762260439 10952.984863281252 1.6002148389816286 31.15063571929932 1983.5000000000002 12805.245117187502
decision_type=2 2 2 2 2 2 2 2 2 2 2 2 2 2 2 2 2 2 2 2 2 2 2 2 2 2 2 2 2 2 2 2 2 2 2 2 2 2 2 2 2 2 2 2 2 2 2 2 2 2 2 2 2 2 2 2 2 2 2 2 2 2 2 2 2 2 2 2 2 2 2 2 10 2 2 2 2 2 2 2 2 2 2 2 2 2 2 2 2 2 2 2 2 2 2
left_child=2 -2 3 25 7 9 18 8 10 -5 26 -3 27 15 19 16 67 84 85 40 60 22 59 -24 69 92 -4 38 35 -25 49 -23 33 57 52 36 37 65 74 -40 41 -12 44 -44 53 46 -39 86 73 -21 51 -46 81 54 55 68 78 -30 -26 88 -10 63 79 -55 70 -18 -20 -11 -41 -8 -36 -42 -52 -13 -9 -64 -19 82 -35 -63 94 87 -48 -84 -7 -6 -31 -34 -14 -74 -59 -50 -1 -56 -81
right_child=1 11 4 5 6 17 24 12 20 13 14 48 21 -15 -16 -17 28 76 66 30 -22 31 23 29 58 -27 -28 -29 32 47 -32 -33 34 56 64 -37 -38 45 39 42 71 -43 43 -45 50 -47 77 -49 91 -51 72 -53 -54 61 93 -57 -58 90 -60 -61 -62 62 75 -65 -66 -67 -68 -69 -70 -71 -72 -73 89 -75 -76 -77 -78 -79 -80 80 -82 -83 83 -85 -86 -87 -88 -89 -90 -91 -92 -93 -94 -95 -96
leaf_value=0.043558362546771041 -5.4089626501981547 -1.9754783253968224 0.52097267939240033 2.5080146473769318 0.67988151032307431 0.18700237057427382 2.5051248668515407 0.88762340260383077 -0.52170711071785358 -0.88616713364019339 -0.013214365908884182 -0.51750716565191079 0.026822535071464589 -0.68744012209264138 -0.48335972401197208 -0.82581664590444326 1.6162563915520971 -0.81357141927552667 1.3180153793928961 0.50945165918293267 1.4943378111910137 -0.15836230760393866 -0.14355130559120519 0.30803405013307361 -1.3212301562997706 2.0349004348408095 1.3553065532694499 -1.0011586579131015 -0.34336425964894873 0.94392234695465371 0.1130681773189872 0.42796884026390941 -0.38052558522606361 0.16881758915315734 -0.083977508728119238 -0.56017845410447709 -0.56642136922388642 0.90742551694390006 -0.72776449718291203 -0.0039550646548195288 -0.28417199871942866 0.48592773223228403 -0.12820363319531144 -1.0251666662677323 -0.5441980595705348 -1.107632520106729 -0.0066335968513814986 0.62162701991847724 1.6106271087067037 1.2925476292264007 -0.076401486987112494 -0.079966449476637516 0.044468626757251412 -0.71557797482085217 -0.11357797750811308 0.1212818549554846 -0.34969869875118104 -1.3613137138627238 -0.026595088877803298 0.91656793653083979 0.72527023974857818 -0.16459166514194387 2.0442163905447184 -0.079256706957412201 0.32763456494897453 0.026306755933830209 -0.9307076662806838 -2.2427079025091463 0.46812326680894689 0.6866639747455261 0.25065890271791574 1.1251241554191453 0.039363860674683053 0.49237160713882749 0.2386608109590046 0.57955425928597648 -1.6226851155723834 -0.34843990122061963 -0.17553598833512996 0.034916483605529014 -0.57705283151278386 -0.97149772656623146 -0.072145729229139824 -0.40896985817906872 -0.60250088739644958 2.7268684095686568 1.521874184843556 0.044540385946929877 0.24235741600951874 0.52780800808158823 -0.65762727390801157 -1.422245072530836 1.138727977221996 0.41270451646360357 0.341150324183078
leaf_weight=798 1131 5173 15146 871 194 1642 341 2292 759 1587 17580 2746 30717 12174 10754 7566 1062 1670 8031 5908 7179 28194 7428 9231 975 3627 4172 2145 17966 5445 6374 7125 32318 15727 58465 6801 6089 2379 3828 5613 14906 10534 16533 3186 13365 1395 262752 10421 76 4135 51897 17803 11206 3147 34527 80783 15414 1549 3030 2029 8342 20752 437 56810 9227 692 210 857 24363 2811 10420 496 7469 1336 15687 3643 5455 8160 12550 257172 2122 1968 24423 9551 4578 2514 3729 4621 32065 4861 15747 1680 1945 2633 7398
leaf_count=798 1131 5173 15146 871 194 1642 341 2292 759 1587 17580 2746 30717 12174 10754 7566 1062 1670 8031 5908 7179 28194 7428 9231 975 3627 4172 2145 17966 5445 6374 7125 32318 15727 58465 6801 6089 2379 3828 5613 14906 10534 16533 3186 13365 1395 262752 10421 76 4135 51897 17803 11206 3147 34527 80783 15414 1549 3030 2029 8342 20752 437 56810 9227 692 210 857 24363 2811 10420 496 7469 1336 15687 3643 5455 8160 12550 257172 2122 1968 24423 9551 4578 2514 3729 4621 32065 4861 15747 1680 1945 2633 7398
internal_value=-0.000426575 -1.59643 0.0127371 -0.122679 0.0990627 -0.141062 1.03868 0.0797516 0.329594 -0.121574 0.207145 -1.20345 0.04548 -0.125732 0.0720619 -0.113076 -0.102953 -0.949218 1.58767 0.171743 1.0064 0.206202 0.292259 0.526233 0.198493 1.5126 0.701342 0.0111471 -0.097135 0.698823 0.553043 -0.0400537 -0.17551 -0.298642 -0.0996872 -0.04691 -0.0358757 -0.0254633 0.0145643 0.00563748 0.0278634 0.17384 0.0102096 -0.27326 0.0196087 -0.0312439 -0.0263463 0.882844 -0.518702 0.832165 -0.102755 -0.279065 -0.269562 0.0429829 0.124038 0.191238 -0.113043 -0.528578 -0.342522 0.16136 0.621138 0.00887036 0.0338723 -0.11269 0.00930279 0.990096 1.26039 -1.36401 0.379735 0.88559 -0.0333494 -0.238577 -0.0171859 -0.186864 0.321526 0.737818 -1.43346 -0.0336413 0.0159828 0.0238728 0.0385394 -0.360006 -0.0249809 -0.166864 -0.394092 2.58114 1.17927 -0.327351 0.13691 0.232011 -0.720874 -1.28846 0.820515 -0.0762575 0.0434833
internal_weight=1.48464e+06 12142 1.47249e+06 573252 899241 566882 18106 881135 106285 553537 90005 11011 774850 552666 70687 540492 532926 13345 10949 59933 16280 136384 101065 36254 7157 6370 19318 638466 530482 28826 16417 35319 207178 78953 128225 323304 316503 310414 636321 618342 43516 28114 614514 19719 594795 308660 307265 19595 5838 10043 95395 31168 50113 499400 147919 110759 43691 35262 4005 64811 9101 351481 291524 59957 78112 1754 8241 2444 29976 3152 68885 15402 64227 4082 17979 4080 7125 304886 28277 287444 266692 38907 296726 33974 6220 2708 9174 36939 62782 12330 17296 1756 2743 37160 264570
internal_count=1484635 12142 1472493 573252 899241 566882 18106 881135 106285 553537 90005 11011 774850 552666 70687 540492 532926 13345 10949 59933 16280 136384 101065 36254 7157 6370 19318 638466 530482 28826 16417 35319 207178 78953 128225 323304 316503 310414 636321 618342 43516 28114 614514 19719 594795 308660 307265 19595 5838 10043 95395 31168 50113 499400 147919 110759 43691 35262 4005 64811 9101 351481 291524 59957 78112 1754 8241 2444 29976 3152 68885 15402 64227 4082 17979 4080 7125 304886 28277 287444 266692 38907 296726 33974 6220 2708 9174 36939 62782 12330 17296 1756 2743 37160 264570
is_linear=0
shrinkage=0.05


Tree=3
num_leaves=96
num_cat=0
split_feature=7 10 5 2 19 38 38 5 18 34 5 31 32 36 30 5 31 10 30 30 38 30 11 2 1 31 6 29 8 18 12 29 1 31 31 33 29 0 1 15 31 37 18 18 38 5 6 33 18 3 32 5 1 29 36 31 5 7 9 29 30 15 30 18 36 31 29 15 31 10 16 5 36 36 11 8 12 38 3 31 7 7 32 12 37 3 11 15 3 7 2 3 6 7 6
split_gain=1.10493e+07 6.5869e+06 6.13405e+06 4.03545e+06 3.76716e+06 4.89668e+06 3.37533e+06 2.06671e+06 1.98613e+06 1.92253e+06 1.68355e+06 2.89454e+06 2.47958e+06 2.4181e+06 1.7042e+06 1.65523e+06 1.62325e+06 1.35721e+06 1.35205e+06 1.247e+06 1.23204e+06 1.20985e+06 1.20551e+06 1.1127e+06 1.08857e+06 1.0768e+06 935575 890260 829600 813545 787328 755316 748099 705088 1.08404e+06 702600 697986 677080 676507 675622 530942 511199 490402 483772 459913 788507 452958 432414 426163 421145 516124 405639 394570 391642 613568 382491 562106 446598 389642 442645 671783 357440 355202 348340 341776 340757 352713 337676 333653 319479 318752 317923 312449 585210 359683 440350 312073 308309 307154 300400 291326 284044 279357 278414 276902 266000 260325 249300 244302 243826 242820 242681 242249 239961 238158
threshold=122.74952316284181 27.063069343566898 58.714368820190437 -30.829004287719723 1.0000000180025095e-35 1141.5000000000002 1761.0000000000002 -46.172399520874016 -130.46500396728513 51.423639297485359 -18.078014373779293 7.8149542808532724 7.1872689723968515 0.30527532100677496 11.16567373275757 23.072167396545414 4.9088244438171396 10.56101179122925 2.1269438266754155 14.29951333999634 2102.5000000000005 21.69198036193848 1766.9082031250002 22.178945541381839 -20.661348342895504 1.0094174146652224 5.6879882812500009 11129.915039062502 44.285722732543952 91.075000762939467 899.29711914062511 12664.084960937502 -2.282832026481628 0.40869252383708959 0.44581188261508947 6.5289578437805185 11899.584960937502 8.5987439155578631 35.987577438354499 4988.5000000000009 4.9088244438171396 13.450818061828615 25.115000724792484 113.03499984741212 2126.0000000000005 28.843656539916996 -14.781738281249998 4.7518365383148202 -50.434999465942376 1.1502344012260439 2.0023689270019536 7.3349852561950692 -13.001132965087889 11416.645019531252 0.19054197520017627 1.3129018545150759 -36.948207855224602 10.455399990081789 8.6929016113281268 11013.704589843752 4.0255420207977304 1644.5000000000002 1.0994012355804446 -95.704998016357408 0.20685338973999026 0.66484987735748302 10891.544921875002 5537.5000000000009 5.731297731399537 23.350948333740238 2326.766479492188 -24.85461330413818 4.5096580982208261 3.9594540596008305 1688.2595825195315 -44.805976867675774 1154.1265258789065 1819.0000000000002 -1.1797265410423277 0.7679542899131776 35.522859573364265 12.686572074890138 1.8284004926681521 3112.622192382813 16.214025497436527 1.7851953506469729 686.62100219726574 1037.5000000000002 4.0551562309265146 -51.674104690551751 21.643983840942386 1.6002148389816286 -14.063964843749998 -2.9510192871093746 -5.8715820312499991
decision_type=2 2 2 2 2 2 2 2 2 2 2 2 2 2 2 2 2 2 2 2 2 2 2 2 2 2 2 2 2 2 2 2 2 2 2 2 2 2 2 2 2 2 2 2 2 2 2 2 2 2 2 2 2 2 2 2 2 2 2 2 2 2 2 2 2 2 2 2 2 2 2 2 2 2 2 2 2 2 2 2 2 2 2 2 2 2 2 2 2 2 2 2 2 2 2
left_child=2 7 4 -4 5 8 -5 -2 80 15 11 12 13 28 33 21 46 32 -19 30 24 22 26 76 39 -8 31 47 53 -22 41 55 -15 51 42 43 87 92 49 -16 67 62 -35 -29 52 -46 -14 -26 -10 65 82 -12 84 64 -55 56 57 -7 -57 60 -60 -24 -17 -43 -6 -28 -67 -9 -37 72 -11 -18 73 74 75 -54 -23 86 -61 -52 -1 -20 -51 -77 -36 -86 94 -13 -81 -27 -68 -42 -33 -49 -64
right_child=1 -3 3 6 10 9 25 40 48 70 14 36 16 17 20 19 71 18 81 -21 29 23 61 -25 27 89 38 35 -30 -31 -32 37 -34 34 44 68 -38 -39 -40 -41 91 63 -44 -45 45 -47 -48 93 -50 50 79 -53 69 54 -56 58 -58 -59 59 78 -62 -63 77 -65 -66 66 90 -69 -70 -71 -72 -73 -74 -75 -76 83 -78 -79 -80 88 -82 -83 -84 -85 85 -87 -88 -89 -90 -91 -92 -93 -94 -95 -96
leaf_value=2.4759323129803499 -1.8641584215031448 -5.1221360232180198 -1.5897449262871768 2.4821622430061283 0.091021496476036148 1.5221802322894931 0.031835321432848909 -0.49696605228271484 0.80505373412553238 0.61230903623508925 -0.021570973701876699 0.17928139845542426 0.72267163797917267 0.50632826239181994 0.45286251703570723 0.51975263592463994 -1.7092847947877301 0.1647379364680967 1.4682803483160294 0.48798734997878762 0.27871790083472947 -0.40340799964355112 -0.2864787842012993 -1.2600765552947448 0.58232364800729619 1.2301403021675332 -0.55483523771052357 -0.064735400109135283 -0.5781112867849999 1.0690900390574005 0.054515072581289098 0.50687291690216774 -0.00037610864420056572 0.45105519429063634 0.16356807045299196 0.26058337962237527 0.63485479054794514 0.56430793972523074 -0.6911864136095488 1.5087220734387845 1.5324693749167704 0.12210030014660722 2.0081584697980972 -0.54003273984443723 -0.095977226478633493 -0.98755593954802612 -0.27341415467046576 0.34565594475419797 -0.020368735202805632 -0.13251000915451414 -0.33589836025814179 -0.65099711410732253 -0.91749954017533586 0.16792753801353627 -0.32604133193725099 -0.0194650630803852 0.03008812269285252 -0.4851276493777511 -0.65380365306694577 -0.20235311643606418 -0.055751409453997737 -0.77359663822107372 -0.99492172351445041 -0.54400083177177672 0.60056370395261272 -0.62957093906814088 -0.15401523364424524 0.46349781366602766 -0.05869486750643637 -0.68076173818094043 1.7274961131580178 -0.70411310065177179 0.1779017201949826 -0.68148639136603606 -0.31562344491575395 0.0046194624660746871 -0.00043673110820020492 0.25683689648312769 0.014335641950234576 0.036687005004564316 1.5604108399605567 0.90198441202519197 -0.53252925368908322 0.59337836848698422 -0.15922869580716206 0.51118169139764313 -1.161887050027453 1.4726859822624174 0.38469507991626939 0.68561754655776208 -1.2668568894732557 -1.3499743705730982 -0.042862122616256118 0.033082544123766974 -0.59351957879941275
leaf_weight=1336 5098 1138 1461 3690 8580 1095 3590 2746 3556 1144 4286 403 1307 21115 6410 609 2417 4063 5904 3568 6598 18195 7953 3411 10572 6257 6545 24603 5580 6430 5808 2354 11120 1109 65703 24456 7489 10082 5754 1983 74 3865 930 6840 16426 2918 8864 13186 2789 13911 4757 6353 1288 14734 10960 126810 95889 369 9952 33532 8889 7160 4598 3983 5337 4191 87707 1369 12295 1712 1468 1175 24227 3184 8939 448232 6528 817 31920 38734 2577 3577 6359 2014 12513 1675 3068 5079 5795 3083 490 1644 13378 11490 18988
leaf_count=1336 5098 1138 1461 3690 8580 1095 3590 2746 3556 1144 4286 403 1307 21115 6410 609 2417 4063 5904 3568 6598 18195 7953 3411 10572 6257 6545 24603 5580 6430 5808 2354 11120 1109 65703 24456 7489 10082 5754 1983 74 3865 930 6840 16426 2918 8864 13186 2789 13911 4757 6353 1288 14734 10960 126810 95889 369 9952 33532 8889 7160 4598 3983 5337 4191 87707 1369 12295 1712 1468 1175 24227 3184 8939 448232 6528 817 31920 38734 2577 3577 6359 2014 12513 1675 3068 5079 5795 3083 490 1644 13378 11490 18988
internal_value=-0.000200949 -1.50672 0.0121533 0.927346 0.000770772 -0.0939056 1.14886 -1.12902 0.989129 -0.112437 0.0691845 0.244601 0.157328 0.25196 0.0407585 -0.118361 -0.468079 0.508071 0.928033 -0.408885 0.208851 -0.0945045 -0.0773412 -0.413903 0.155235 0.767872 -0.0642607 0.110789 -0.00750068 0.668964 -0.485588 -0.0152951 0.331548 0.00586444 0.0131294 0.00532939 0.949076 0.244498 -0.158195 0.702779 -0.485889 -0.572896 1.16317 -0.168172 0.00914111 -0.230602 -0.145239 0.314804 0.442394 -0.139981 -0.0457017 -0.397506 0.0172858 0.0729188 -0.0427926 -0.0370388 0.0449494 1.01628 -0.0748489 -0.158164 -0.371702 -0.517366 -0.6726 -0.216036 0.286512 -0.206262 -0.181551 -0.177328 0.153773 0.000473453 1.24033 -1.38134 0.00286811 -0.00627884 -0.00160561 0.00461304 -0.297018 -0.699087 -0.0966813 0.0416468 1.87465 1.25498 -0.258062 0.00725699 0.120313 -0.0799902 -0.728414 1.37775 0.0819997 1.05068 -0.160241 -1.22336 0.0394763 0.200133 -0.671888
internal_weight=1.48416e+06 12069 1.47209e+06 18081 1.45401e+06 609934 16620 10931 10258 599676 844076 117704 104733 90970 726372 597064 13763 45779 13544 45304 124863 551760 523626 28134 111835 12930 508513 103442 45191 13028 41736 334270 32235 601509 590870 68194 12971 25814 174243 8393 5833 35928 2039 31443 588831 19344 10171 35248 6345 168489 69556 10639 569487 39611 25694 308456 97353 1464 211103 84293 18841 15113 28080 7848 13917 98933 92388 4115 36751 489596 2612 3592 487884 463657 460473 451534 24723 27471 65452 49286 3913 9481 20270 450246 79891 14188 26654 5482 44529 9340 88197 1718 15732 24676 23586
internal_count=1484160 12069 1472091 18081 1454010 609934 16620 10931 10258 599676 844076 117704 104733 90970 726372 597064 13763 45779 13544 45304 124863 551760 523626 28134 111835 12930 508513 103442 45191 13028 41736 334270 32235 601509 590870 68194 12971 25814 174243 8393 5833 35928 2039 31443 588831 19344 10171 35248 6345 168489 69556 10639 569487 39611 25694 308456 97353 1464 211103 84293 18841 15113 28080 7848 13917 98933 92388 4115 36751 489596 2612 3592 487884 463657 460473 451534 24723 27471 65452 49286 3913 9481 20270 450246 79891 14188 26654 5482 44529 9340 88197 1718 15732 24676 23586
is_linear=0
shrinkage=0.05


Tree=4
num_leaves=96
num_cat=0
split_feature=40 9 42 40 39 8 37 0 39 8 3 1 4 42 2 39 0 39 31 31 0 1 4 32 30 38 29 29 30 6 33 38 31 11 2 9 6 32 38 0 3 38 12 18 33 41 42 3 9 9 9 18 0 3 31 10 4 41 9 38 41 39 12 12 12 33 12 39 40 36 3 11 41 0 1 29 17 38 2 3 37 3 4 29 30 41 41 4 32 40 6 3 8 31 1
split_gain=7.13861e+06 1.00827e+07 5.79895e+06 4.20284e+06 3.74715e+06 2.75129e+06 1.85828e+06 3.10964e+06 2.15297e+06 1.85036e+06 1.66034e+06 1.44831e+06 1.44519e+06 1.68318e+06 1.42992e+06 1.38072e+06 1.36482e+06 1.32598e+06 1.873e+06 1.28174e+06 1.80623e+06 1.17462e+06 1.26103e+06 1.01307e+06 925380 851089 824630 821240 793118 831689 753988 747674 1.16218e+06 742737 725516 696611 691165 825664 1.21189e+06 672650 655288 637845 627025 583058 572933 564306 560248 807683 546650 545286 535676 533516 673221 505279 483822 479674 462345 461516 460472 455266 489575 597108 453889 594359 446740 440444 440102 436513 422138 457705 379272 376449 371731 471939 571492 361422 357621 355295 346142 341007 314220 314019 302611 391888 296677 288633 387220 282918 282685 277486 274839 273483 259732 247247 244481
threshold=-0.010668246075510977 74.107799530029311 446.34500122070318 -0.012355337385088204 9991.5000000000018 60.330732345581062 13.757629394531252 -52.380666732788079 5732.0000000000009 -88.34450531005858 2.515292882919312 28.477128982543949 20.620086669921879 711.32998657226574 -54.36353683471679 9064.5000000000018 93.679084777832045 6125.5000000000009 9.3946433067321795 5.9936394691467294 15.619177341461183 -10.432460784912108 44.707319259643562 2.0583518743515019 24.122233390808109 1288.5000000000002 11221.200195312502 10984.000000000002 2.0561352968215947 -42.441406249999993 4.1228418350219735 1443.5000000000002 1.5942329764366152 630.18533325195324 11.327558517456056 47.831623077392585 7.4565429687500009 1.967213034629822 1551.5000000000002 39.104883193969734 0.33027343451976782 1988.5000000000002 471.42726135253912 71.204998016357436 9.384831905364992 0.034290373325347907 1094.7299804687502 5.7548437118530282 15.81053686141968 47.831623077392585 9.9531474113464373 28.394999504089359 -41.56446456909179 -0.23501952737569806 0.44581188261508947 -27.19262599945068 -33.097501754760735 0.013110796455293896 12.90423107147217 1542.0000000000002 0.0013455644366331401 3347.0000000000005 1154.1265258789065 853.65402221679699 2057.828002929688 4.1199848651885995 1499.3757324218752 5442.0000000000009 0.020315458998084072 3.9594540596008305 -0.41972656548023218 744.73587036132824 0.029891829006373886 28.502515792846683 7.9995508193969735 12534.375000000002 0.56304138898849498 1968.0000000000002 15.729238510131838 -1.0000000180025095e-35 9.6228752136230487 4.0551562309265146 63.520360946655281 11207.554687500002 21.69198036193848 0.016339304856956009 0.010725214611738922 -11.344752311706541 2.7873638868331914 -0.031716018915176385 -42.441406249999993 -4.6197264194488517 80.454650878906264 1.5719181895256045 -24.577968597412106
decision_type=2 2 2 2 2 2 2 2 2 2 2 2 2 2 2 2 2 2 2 2 2 2 2 2 2 2 2 2 2 2 2 2 2 2 2 2 2 2 2 2 2 2 2 2 2 2 2 2 2 2 2 2 2 2 2 2 2 2 2 2 2 2 2 2 2 2 2 2 2 2 2 2 2 2 2 2 2 2 2 2 2 2 2 2 2 2 2 2 2 2 2 2 2 2 2
left_child=1 2 33 5 6 9 19 8 -8 -4 -5 14 17 -14 79 36 -3 31 27 21 78 24 25 30 28 34 -24 43 -2 -30 -15 32 42 -1 -23 46 51 38 57 94 44 49 -9 -19 -39 75 54 92 -22 59 -43 52 -16 -7 -27 -29 -12 93 -20 -33 76 -62 63 -31 72 88 85 89 -56 91 -52 81 77 -74 -75 80 -61 82 -21 -11 -13 -42 84 -84 90 86 -63 -79 -57 -40 -54 -70 -48 -38 -25
right_child=4 16 3 10 -6 53 7 12 -10 11 56 45 13 23 15 -17 -18 18 58 20 48 22 26 39 -26 35 -28 55 29 62 -32 41 -34 -35 -36 -37 37 40 67 -41 71 50 -44 -45 -46 -47 47 -49 -50 -51 70 -53 64 -55 68 65 -58 -59 -60 60 61 66 -64 -65 -66 -67 -68 -69 69 -71 -72 -73 73 74 -76 -77 -78 87 -80 -81 -82 -83 83 -85 -86 -87 -88 -89 -90 -91 -92 -93 -94 -95 -96
leaf_value=0.75983606774978218 0.43218607076471527 -2.1897164897563295 2.2612747183797706 -0.37175661106722341 1.1604125689916132 -1.4449491141987876 2.510177270736488 2.0302567072503344 0.53086153145096815 -2.045327818030112 -1.8967670148510642 0.32296749540641484 1.3806689517105364 -0.41399803311708205 0.77728424900950699 -0.75479384225584623 -4.9153736684107976 0.13271297746666252 0.093675757578541283 0.095963821890060974 0.57919731829329846 0.18928255657352513 -0.11707355767735704 0.69061532835841222 -1.2122084340050805 -0.51449369377820664 -0.7268165859024156 -0.87749232752794937 1.2703478636287666 0.061154836126377947 0.24214708867748833 -0.21339576389128237 -0.076492269033684834 1.8499721687176871 1.4470607344160593 2.296759973561989 -0.22087387347171838 -0.33117602842415367 0.15834967974879341 1.0040739003444441 -0.050491871779510894 0.061396398904026261 0.6773289800486012 0.89462157298814571 0.098398474109750306 0.24226106950975812 -0.14554451204936528 -1.003470617943172 1.4431360827243689 -1.6578620712959815 1.1542636729855578 -1.0579445103055523 -1.077488606031946 0.97348135630289723 0.1113463192499401 -0.35508678793276771 -1.1334500653209021 -0.82475457356997506 1.3933310701408728 0.029184091126147855 0.42527144126706551 -0.055501927749940672 -0.32939712764789897 0.7474190461524528 -0.33072568849839995 0.25126826107271899 -0.41270493757786619 -0.35694001693097155 0.26488072860145623 -0.64128141225078827 0.39756832590512148 0.40241639190242007 0.049523768515587978 1.597171749700502 0.26338736790773759 -1.3985137707713371 0.21916679779413997 0.76989757464103814 0.66866951948673103 -0.85097818799920388 -0.55993686365817641 0.33420454434420105 -1.0459171763823953 -0.18842836263693521 -0.30850836944825544 -0.10907027376085526 0.36042277260748662 0.10430142357706736 0.086748637905029555 -0.1733835904148685 -0.041606515011881597 -0.045545053534277402 -1.7125534331218135 -0.5491961555059176 0.31091094611030973
leaf_weight=2775 21130 802 819 6362 8071 4443 2269 1018 3481 856 3380 1059 3792 7187 2530 7673 1098 3960 805 47404 4129 3491 11105 4879 1234 4917 11075 1129 1436 55855 11193 21508 5968 3593 1705 315 10416 31068 14533 4559 47982 11350 5360 6865 10345 2400 27899 3157 3297 491 2155 1276 639 225 54073 5317 4857 8938 4457 62866 6121 15214 6868 3341 12793 40325 9194 11432 7328 3159 7147 6231 44877 1072 3182 1225 40875 1814 2791 1995 20118 5961 1676 6465 11102 56939 8848 13171 11327 11128 245604 220461 264 12772 32357
leaf_count=2775 21130 802 819 6362 8071 4443 2269 1018 3481 856 3380 1059 3792 7187 2530 7673 1098 3960 805 47404 4129 3491 11105 4879 1234 4917 11075 1129 1436 55855 11193 21508 5968 3593 1705 315 10416 31068 14533 4559 47982 11350 5360 6865 10345 2400 27899 3157 3297 491 2155 1276 639 225 54073 5317 4857 8938 4457 62866 6121 15214 6868 3341 12793 40325 9194 11432 7328 3159 7147 6231 44877 1072 3182 1225 40875 1814 2791 1995 20118 5961 1676 6465 11102 56939 8848 13171 11327 11128 245604 220461 264 12772 32357
internal_value=0.000172633 -0.136607 -0.124659 -0.141355 0.0880858 -0.119435 0.0784161 0.158766 1.31282 -0.10923 -0.97874 -0.112757 0.14188 0.359345 -0.0951998 -0.0891279 -3.77013 0.0996261 0.285677 0.0138428 0.235548 -0.0152709 -0.0567846 0.29492 0.145927 -0.0320192 -0.42159 0.216229 0.164876 0.0811831 -0.0144462 0.0455087 0.425028 1.3755 0.602603 -0.042279 -0.0792443 -0.161548 -0.294721 0.43096 -0.0708016 0.0261984 0.894125 0.616014 -0.223869 -0.486141 -0.0445939 -0.245481 0.963198 0.00147751 0.291966 -0.0386368 -0.0348568 -1.32783 -0.0228911 0.141712 -1.44725 -0.519512 1.19467 0.00517711 0.0286786 -0.0524968 0.0552783 0.0999233 -0.0408646 0.161956 -0.0849331 -0.100005 -0.014405 -0.0438489 0.573188 0.0345482 -0.0296112 0.097254 0.600388 -0.564199 0.104043 -0.0518354 0.127846 -1.21135 -0.515746 -0.00796452 -0.0652059 -0.365281 -0.055709 -0.0477155 0.0974663 0.185013 -0.0544361 0.0144886 -0.0443077 -0.0355553 -0.160415 -0.401762 0.360715
internal_weight=1.48415e+06 580687 578787 572419 903461 557820 895390 398956 5750 553152 14599 552333 393206 63967 527531 524680 1900 329239 74185 496434 57621 438813 348949 60175 89864 326769 22180 68923 88630 67500 18380 255054 12346 6368 5196 321573 517007 170806 69219 41795 101587 242708 6378 10825 41413 24802 321258 31320 7426 222056 20652 346201 344925 4668 289938 58098 8237 32126 5262 221565 200057 96316 66064 59196 342395 56969 90195 37093 285021 230948 9302 60174 329602 49131 4254 22402 103741 280471 50195 2851 21177 53943 265486 8141 257345 81001 24062 14985 16644 25661 246243 227789 28163 23188 37236
internal_count=1484148 580687 578787 572419 903461 557820 895390 398956 5750 553152 14599 552333 393206 63967 527531 524680 1900 329239 74185 496434 57621 438813 348949 60175 89864 326769 22180 68923 88630 67500 18380 255054 12346 6368 5196 321573 517007 170806 69219 41795 101587 242708 6378 10825 41413 24802 321258 31320 7426 222056 20652 346201 344925 4668 289938 58098 8237 32126 5262 221565 200057 96316 66064 59196 342395 56969 90195 37093 285021 230948 9302 60174 329602 49131 4254 22402 103741 280471 50195 2851 21177 53943 265486 8141 257345 81001 24062 14985 16644 25661 246243 227789 28163 23188 37236
is_linear=0
shrinkage=0.05


Tree=5
num_leaves=96
num_cat=0
split_feature=7 10 40 42 8 40 32 12 8 34 37 4 42 39 34 2 39 3 9 3 32 38 12 31 0 10 31 10 42 0 30 12 31 7 34 38 37 17 31 0 29 0 38 15 8 35 34 3 32 9 9 39 35 3 11 15 34 40 12 30 17 34 8 2 30 7 12 18 34 31 8 3 11 34 40 42 34 4 3 4 0 11 7 2 30 29 39 11 39 18 7 7 18 9 9
split_gain=9.04651e+06 5.30233e+06 5.14675e+06 5.13295e+06 3.39534e+06 2.6259e+06 2.37185e+06 1.66978e+06 1.65231e+06 1.64356e+06 1.54121e+06 1.261e+06 1.50779e+06 1.24526e+06 1.85699e+06 1.16507e+06 1.17187e+06 1.05321e+06 1.01834e+06 953196 918141 917894 1.56515e+06 878045 1.28369e+06 864912 759731 739674 693829 703801 690167 868680 725880 991271 827374 679527 679179 671652 617305 605912 601178 592402 589047 564279 544124 528782 515741 505187 503486 609813 499742 495497 485747 474758 465766 446068 442582 439634 534445 534195 435968 421528 454039 413755 396714 394794 375978 374616 364384 355608 355446 333422 322365 411421 439260 307888 333826 327449 302495 294175 280833 280656 280059 274731 273244 272181 271346 268465 269496 267755 260541 257689 255965 255024 249913
threshold=122.74952316284181 27.063069343566898 -0.010668246075510977 446.34500122070318 -62.513162612915032 -0.012355337385088204 2.6718934774398808 563.78445434570324 -88.34450531005858 51.423639297485359 13.757629394531252 20.620086669921879 711.32998657226574 6125.5000000000009 13.438017368316652 -54.36353683471679 9064.5000000000018 2.0549803972244267 9.5932741165161151 0.57519531250000011 2.0583518743515019 1443.5000000000002 323.71467590332037 4.2311358451843271 14.45778274536133 25.313165664672855 2.4089046716690068 -31.24477386474609 484.49499511718756 23.227878570556644 17.938108444213871 713.39456176757824 7.0344245433807382 -44.762826919555657 4.7680022716522226 1546.0000000000002 11.055575370788576 0.3782940953969956 1.5942329764366152 -41.56446456909179 12805.245117187502 39.104883193969734 1988.5000000000002 1527.5000000000002 36.102096557617195 0.58119115233421337 13.974021911621096 -0.60501953959465016 6.6654772758483896 13.136913299560549 9.9531474113464373 4287.5000000000009 5.1047468185424814 -2.9399024248123165 1343.4041748046877 5905.5000000000009 6.0708322525024423 0.020315458998084072 1196.7597656250002 2.2936807870864873 0.35417228937149053 8.2521862983703631 47.295919418334968 18.246757507324222 4.4873042106628427 2.2163766622543339 713.39456176757824 -80.365001678466783 11.023803710937502 2.2838619947433476 -1.5410569310188291 -0.41972656548023218 247.09807586669925 0.91271826624870311 -0.025283657945692536 621.97500610351574 1.0540962219238283 11.410705089569094 -1.0000000180025095e-35 1.5254405140876772 -38.340248107910149 399.42439270019537 18.488021850585941 -6.9471678733825675 6.4292280673980722 12534.375000000002 5856.5000000000009 1073.7224731445315 3604.5000000000005 -35.305000305175774 35.522859573364265 48.895826339721687 78.475002288818374 9.7999711036682147 13.254971504211428
decision_type=2 2 2 2 2 2 2 2 2 2 2 2 2 2 2 2 2 2 2 2 2 2 2 2 2 2 2 2 2 2 2 2 2 2 2 2 2 2 2 2 2 2 2 2 2 2 2 2 2 2 2 2 2 2 2 2 2 2 2 2 2 2 2 2 2 2 2 2 2 2 2 2 2 2 2 2 2 2 2 2 2 2 2 2 2 2 2 2 2 2 2 2 2 2 2
left_child=2 7 3 37 6 8 19 55 -5 10 25 13 -13 21 68 78 23 93 60 -4 56 22 -12 26 48 28 35 -8 29 -6 32 80 33 34 -30 36 47 -1 -24 -37 45 -22 61 -33 69 -35 -27 70 49 -25 -44 -46 -9 -29 72 -2 -14 59 -59 -47 -16 62 75 82 -61 -38 -49 85 -15 -41 -17 -52 -28 -74 -75 -23 -77 87 -10 -63 -32 -67 -34 -21 -79 86 -26 88 -78 -11 -39 -73 -42 -7 -19
right_child=1 -3 4 5 9 17 27 52 15 89 11 12 20 14 18 16 -18 94 -20 83 41 42 38 24 67 46 54 53 30 -31 31 43 63 40 -36 39 65 90 -40 44 92 -43 50 -45 51 57 -48 66 -50 -51 71 -53 -54 -55 -56 -57 -58 58 -60 64 -62 79 -64 -65 -66 81 -68 -69 -70 -71 -72 91 73 74 -76 76 77 84 -80 -81 -82 -83 -84 -85 -86 -87 -88 -89 -90 -91 -92 -93 -94 -95 -96
leaf_value=0.64904412624282015 -0.58298249130256274 -4.6462302673789839 2.3967191013958802 2.1349014983676491 0.24011267534193381 0.19805993223727447 -1.0793019546417963 -0.17920894732810622 -1.9474873811389326 1.4669358638773629 2.1141390313370829 1.3116282984006049 0.24277437438637439 0.18068065735481073 0.097476143127738266 -0.8121057845723727 -0.71676846689276674 -0.69706031170284088 1.3081009326078037 -0.76961015881990136 0.34567817987416632 -0.22299854716623457 0.66022592237123634 -0.11621933574134108 -0.42596274401248863 -0.90768379246999342 -0.11289033100510314 2.1503589831245664 -0.69524298335631463 1.3978501338006786 -0.78847954956460597 0.022110119556361083 0.1161732210299089 0.38825936400146843 -0.10538156396373898 0.80533362296237088 0.053357193227448245 2.2539871633672202 -0.072505701121085883 -0.034011327487288842 0.057857353518494949 0.9470951595252306 0.059483933741628373 1.1441726446523899 1.3884218418618077 0.39165785041035278 -0.17550940953503077 -0.14856063369586342 -0.011477254601746733 -0.48903511839273661 1.097579238669107 0.17311187020480726 -1.6988756868071535 0.24838832221624552 -0.65343753128264015 0.56695259748393922 -0.24901632583167546 -0.029194434895675133 -0.35328053229591361 -0.13106288467469102 0.7510016733123569 -0.17802979028922417 -0.52692262884140795 0.7443612600301579 0.12642017221183327 -0.063222709374591873 -0.83161411591479784 -0.16246318783424549 -0.38856177191615471 -0.29863740039019465 -0.36572726588193633 0.49788990596170052 -0.25431952024528098 0.28839358740858173 -0.18895334514359433 0.3220073200622191 0.22362224470231756 0.5138106661915115 -0.78153950779196746 0.056627351025459849 0.12986103965610887 -0.3128276660612252 0.62420691166207876 1.1656039481689444 0.10733667671187896 -1.3506768220935266 -0.79257452509034909 -0.2142345449025562 0.01170876784298943 0.59598470436683193 1.4007302621757853 -0.42268889276028815 0.61779405471118609 -0.53210945676795984 -1.3991751689628842
leaf_weight=2442 3452 1116 1854 819 6241 1625 1047 580 869 2241 1288 3784 8798 52994 4481 6520 7682 1668 5558 187 38467 9017 5508 35715 16818 3777 11429 346 9298 1660 965 1542 32877 8256 16479 2137 31925 1402 6007 191484 3235 4581 11387 4097 1195 12348 6618 31400 53215 15829 2153 2800 5708 5506 1974 1113 9524 285646 13311 23506 5928 43026 3357 3283 41133 24921 2150 7228 2966 13594 14135 6471 4873 39039 5496 12789 18120 6448 1558 19366 5944 20547 2954 6229 11520 1070 7221 10737 87146 1465 2553 859 5530 4511 5407
leaf_count=2442 3452 1116 1854 819 6241 1625 1047 580 869 2241 1288 3784 8798 52994 4481 6520 7682 1668 5558 187 38467 9017 5508 35715 16818 3777 11429 346 9298 1660 965 1542 32877 8256 16479 2137 31925 1402 6007 191484 3235 4581 11387 4097 1195 12348 6618 31400 53215 15829 2153 2800 5708 5506 1974 1113 9524 285646 13311 23506 5928 43026 3357 3283 41133 24921 2150 7228 2966 13594 14135 6471 4873 39039 5496 12789 18120 6448 1558 19366 5944 20547 2954 6229 11520 1070 7221 10737 87146 1465 2553 859 5530 4511 5407
internal_value=8.42447e-05 -1.36881 0.0112093 -0.105884 0.0858035 -0.121781 0.827452 -1.0306 -0.105155 0.0730843 0.0686621 0.142476 0.343342 0.102467 0.286216 -0.108485 -0.103662 -0.818361 0.76178 1.39835 0.283578 0.0506745 0.463228 -0.0949793 -0.204371 0.00941104 -0.0580045 0.142796 0.0192184 0.483792 0.0114123 0.377205 0.00138492 -0.0178568 -0.318206 -0.0872955 -0.176477 1.30219 0.278064 -0.0317278 0.00184729 0.40974 0.0288786 0.837517 -0.0402951 -0.00749519 -0.441729 -0.3122 -0.119359 -0.230732 0.2828 0.53741 -1.55886 0.361887 0.101855 -0.302426 -0.0128632 -0.0161893 -0.0436277 0.0903576 0.469773 0.00495309 0.0481402 0.207366 0.0327846 -0.0814097 -0.192404 -0.479738 0.15049 -0.0515567 -0.50673 0.55085 0.126393 0.181748 0.229476 0.0605427 0.0779678 0.0546649 -1.2009 -0.105195 0.00130684 -0.176033 0.158106 1.10887 0.253266 -0.57104 -0.536173 0.0238973 0.0481919 1.12341 1.70468 0.389878 0.411223 -0.338736 -1.23401
internal_weight=1.48508e+06 11969 1.47311e+06 573251 899855 566854 15169 10853 553643 884686 880980 392280 65154 327126 71927 552824 550397 13211 15967 8270 61370 255199 12803 542715 137096 488700 405619 6899 478305 7901 470404 12548 457856 418742 25777 342808 131598 6397 11515 211210 392965 43048 242396 5639 209073 384200 10395 54205 104759 51544 20870 3995 6288 5852 62811 4565 18322 375944 298957 76987 10409 221526 159134 39114 64639 77393 33550 32337 55960 205078 20655 9483 60837 49408 44535 155777 146760 133971 2427 62392 6909 45468 35831 6416 17968 25109 24039 116003 105266 3706 3955 7330 8765 6136 7075
internal_count=1485075 11969 1473106 573251 899855 566854 15169 10853 553643 884686 880980 392280 65154 327126 71927 552824 550397 13211 15967 8270 61370 255199 12803 542715 137096 488700 405619 6899 478305 7901 470404 12548 457856 418742 25777 342808 131598 6397 11515 211210 392965 43048 242396 5639 209073 384200 10395 54205 104759 51544 20870 3995 6288 5852 62811 4565 18322 375944 298957 76987 10409 221526 159134 39114 64639 77393 33550 32337 55960 205078 20655 9483 60837 49408 44535 155777 146760 133971 2427 62392 6909 45468 35831 6416 17968 25109 24039 116003 105266 3706 3955 7330 8765 6136 7075
is_linear=0
shrinkage=0.05


Tree=6
num_leaves=96
num_cat=0
split_feature=7 10 40 42 5 40 32 5 36 5 0 13 37 30 13 3 3 1 1 18 38 32 3 10 15 42 33 31 0 31 36 18 38 37 15 5 37 40 18 5 5 41 5 30 38 5 40 3 6 34 32 31 31 41 39 5 36 36 7 40 18 37 0 7 5 10 17 5 29 5 6 13 41 10 13 1 1 6 2 35 41 38 39 3 6 13 37 6 31 40 31 41 3 9 6
split_gain=8.2959e+06 4.84322e+06 4.63421e+06 4.56912e+06 4.44354e+06 2.35608e+06 2.21751e+06 2.04641e+06 3.07644e+06 1.5552e+06 1.5278e+06 1.66887e+06 1.21911e+06 1.20889e+06 1.16741e+06 958045 955854 903486 852256 778588 775126 767490 720023 706478 700036 683573 677924 671126 947330 669881 636863 623300 602580 597614 615117 592587 572815 534958 522488 504256 494211 663848 493297 489047 471639 598983 477629 448167 428594 655445 459221 427054 414928 398316 385764 356457 356329 346056 344381 340851 347311 338086 352699 334652 334525 324401 321656 304943 299249 490569 375388 297887 284939 281298 275859 274221 288108 269992 269904 269748 266773 262248 252103 248989 415479 248903 247312 260543 263214 245532 350958 329628 244216 240824 240705
threshold=122.74952316284181 27.063069343566898 -0.010668246075510977 446.34500122070318 50.265832901000984 -0.012355337385088204 2.6718934774398808 -20.503766059875485 0.54048097133636486 -46.172399520874016 -83.758422851562486 11.291760444641115 9.9361572265625018 10.914115428924562 4.6526207923889169 -0.54486328363418568 2.0549803972244267 3.8332030773162846 -18.043007850646969 110.28499984741212 1288.5000000000002 1.6336304545402529 -7.8648047447204581 29.454419136047367 3862.5000000000005 1100.2500000000002 8.1844201087951678 4.2311358451843271 14.45778274536133 0.52924808859825145 0.017281603999435905 -67.66500091552733 1922.0000000000002 14.738651752471926 2317.5000000000005 25.999262809753422 12.100013732910158 -1.0000000180025095e-35 -35.305000305175774 -36.948207855224602 15.584770679473879 0.013303958810865881 -53.531249999999993 11.863085746765138 2126.0000000000005 23.959428787231449 0.04591519013047219 -4.0850195884704581 -3.5327148437499996 9.0663256645202654 1.3046403527259829 4.9088244438171396 0.70337030291557323 -0.016381362453103062 5494.0000000000009 -19.396076202392575 0.28430208563804632 0.7332829236984254 69.07635879516603 0.057305702939629562 134.20500183105472 13.947777748107912 -44.579822540283196 -48.006473541259759 45.804769515991218 -27.19262599945068 0.77845966815948497 -26.472306251525875 10958.740234375002 15.204525470733644 23.518066406250004 13.765617370605471 0.017357440665364269 18.461318969726566 3.1108938455581669 -27.112030982971188 -4.2667384147644034 -21.904785156249996 28.959062576293949 4.943763494491578 0.0017724685021676125 2126.0000000000005 6541.5000000000009 -2.024687528610229 10.221191406250002 2.9798786640167241 14.410774230957033 -33.881835937499993 0.57993328571319591 -0.030239961110055443 4.2682564258575448 0.026150929741561416 -0.16970703005790708 9.7999711036682147 11.831542968750002
decision_type=2 2 2 2 2 2 2 2 2 2 2 2 2 2 2 2 2 2 2 2 2 2 2 2 2 2 2 2 2 2 2 2 2 2 2 2 2 2 2 2 2 2 2 2 2 2 2 2 2 2 2 2 2 2 2 2 2 2 2 2 2 2 2 2 2 2 2 2 2 2 2 2 2 2 2 2 2 2 2 2 2 2 2 2 2 2 2 2 2 2 2 2 2 2 2
left_child=2 9 3 31 7 10 15 8 14 -2 -5 27 -10 23 47 -6 93 26 24 80 -16 -14 -22 37 -15 -23 -13 32 35 -19 -20 55 36 -32 -35 63 40 77 -39 58 53 54 79 -36 46 -46 48 -4 49 50 56 66 -48 -12 -42 -1 -40 73 -38 60 -54 -41 -63 -29 68 -21 -11 -34 70 -70 -50 75 -71 -30 -59 -44 -77 -9 -25 -24 -8 -17 -62 84 -55 -18 94 -88 -89 90 91 -31 -37 -7 -64
right_child=1 -3 4 5 6 16 19 13 12 51 11 17 21 18 20 81 85 29 30 65 22 25 42 78 -26 -27 -28 28 57 89 33 -33 67 34 43 92 39 38 44 61 41 -43 71 -45 45 -47 52 -49 64 -51 -52 -53 59 83 -56 -57 -58 74 -60 -61 82 62 86 -65 -66 -67 -68 -69 69 72 -72 -73 -74 -75 -76 76 -78 -79 -80 -81 -82 -83 -84 -85 -86 -87 87 88 -90 -91 -92 -93 -94 -95 -96
leaf_value=1.2145761321194535 -1.6089414916294456 -4.4056248351098786 -0.65602752707777801 2.0169354340836536 2.12224256754978 0.19938984443860938 0.56497862133730814 0.78147514778608373 -0.17590819786938017 -0.84901746031119074 -0.26554323623113535 -0.43919552619825952 1.1690897705707701 0.2146353177305371 1.1504605834357458 1.0811401067849673 -0.30088020432025214 -1.7847745519177665 -0.4048989115974424 -0.78174415352049431 1.2422845957336228 0.49135077141388717 -0.43110138109510932 0.28800837601241419 0.981005796536774 1.2574693776904722 0.29775197053530794 -0.55933599834466852 -0.48507861619803666 0.40212360517542428 0.023885299808655312 0.056344503117169278 0.81353224484816844 0.10355334735737294 0.76209237096648463 0.55747965990466086 1.177055146862829 -0.59790795846062228 -0.003327956683307902 0.074190475622612911 0.17574730655182652 -0.80697002548317764 -0.97730857898863244 0.30166026786268924 -0.11075413130580705 -0.85304532369270858 -0.59358068826510624 -0.098872557047685078 -0.076311493963243368 -0.082274001953645426 0.10433321761825552 -1.0748154650878907 -0.055797661507249831 -0.087400903372483685 -0.45999067415463951 2.17564042146144 0.42123023733476189 -0.17506003491213662 -0.59408782821543082 0.09948378564355731 -0.33155408466223979 0.66494193001052893 -0.12467565154369074 -0.05151526198692348 1.4817183775565645 0.12257013868683042 0.13413044685738454 0.13585538421610496 0.0068233773309293051 0.3803753516145994 -0.80251285729065447 0.43672533160141608 -0.058686886809373631 -1.1174179111983757 -0.54217460674211782 0.31746620633814748 -0.0035936300782614533 0.20624937452854186 -0.88283767164704641 0.90004583694274176 1.8502554988861086 -0.74310569509496827 1.8460663337138161 -0.024814308951443285 -0.52673692892642066 -1.2751711545792705 -0.97903448925555547 -0.33032012446774484 0.015734333557954356 -0.62338991670829236 -0.52904441187277162 -0.32539987314719815 -0.68167444884247441 -0.50831032013887889 -0.47187243659101413
leaf_weight=4121 5195 1135 4437 848 2705 1632 2702 2353 3897 1154 29344 5557 8434 6377 2162 7995 734 1012 5295 1823 1544 18942 4611 587 5594 3440 7110 3367 4749 2383 51090 956 1768 36827 7224 427 1439 3585 6236 74968 4878 5979 553 28601 16473 3252 3884 19301 57916 34866 81130 1747 49984 23711 4666 1268 23816 12492 337 23156 17317 1615 22671 86970 380 2169 2959 26541 268983 14370 1833 10218 4973 2799 8670 12934 15194 15243 3005 412 473 200 131 102863 6959 6304 707 6048 59788 15920 10912 4478 5399 4546 6400
leaf_count=4121 5195 1135 4437 848 2705 1632 2702 2353 3897 1154 29344 5557 8434 6377 2162 7995 734 1012 5295 1823 1544 18942 4611 587 5594 3440 7110 3367 4749 2383 51090 956 1768 36827 7224 427 1439 3585 6236 74968 4878 5979 553 28601 16473 3252 3884 19301 57916 34866 81130 1747 49984 23711 4666 1268 23816 12492 337 23156 17317 1615 22671 86970 380 2169 2959 26541 268983 14370 1833 10218 4973 2799 8670 12934 15194 15243 3005 412 473 200 131 102863 6959 6304 707 6048 59788 15920 10912 4478 5399 4546 6400
internal_value=-0.000499798 -1.29934 0.0102591 -0.10081 0.0811228 -0.115745 0.857271 0.0651952 0.27115 -0.979311 -0.0999967 -0.103254 0.657209 0.0369851 0.0833473 1.30635 -0.775441 -0.387018 0.169387 0.174024 0.226109 0.762573 0.182082 0.00751237 0.572913 0.609252 -0.0255734 -0.0766626 -0.177247 -0.518928 0.131939 1.23317 -0.0436675 0.15492 0.247061 -0.101991 -0.0614981 0.0115014 0.00368931 0.00305746 -0.124451 -0.393995 0.14473 0.394561 0.00723541 -0.233245 0.0152903 -0.203083 0.0349708 0.106871 0.166186 -0.420595 -0.0877227 -0.098755 -0.135108 1.44179 0.33314 -0.429275 0.84054 -0.0660149 -0.122849 -0.00559463 -0.067113 -0.0704605 0.00483472 -0.290673 -0.142132 0.178261 0.00320962 0.0243142 -0.0986294 0.204947 0.267503 -0.719918 -0.325521 0.122335 0.144056 0.283291 -0.691418 -0.321445 0.758021 1.03636 -0.31489 -0.062098 -0.187128 -1.17373 -0.0794985 -0.0263443 -0.0160694 -0.480752 -0.352901 -0.0726468 -0.590614 -0.321356 -0.201152
internal_weight=1.48415e+06 12190 1.47196e+06 573336 898627 566991 18067 880560 106079 11055 553775 552927 34713 774481 71366 10900 13216 47372 141008 7167 47628 30816 45466 633473 11971 22382 12667 505555 124873 34705 129037 6345 380682 123742 72652 96163 352373 629881 612285 173973 178400 15523 43922 35825 608700 19725 588975 23738 494503 146048 111182 5860 94472 162877 9544 5389 30052 28710 1776 90588 67432 172197 97229 90337 348455 3992 4113 28309 348075 288326 59749 38899 19343 7548 21162 28681 28128 17596 3592 5023 3175 8195 17448 133533 30670 7038 95614 66543 65836 33693 17773 6861 5826 6178 29071
internal_count=1484153 12190 1471963 573336 898627 566991 18067 880560 106079 11055 553775 552927 34713 774481 71366 10900 13216 47372 141008 7167 47628 30816 45466 633473 11971 22382 12667 505555 124873 34705 129037 6345 380682 123742 72652 96163 352373 629881 612285 173973 178400 15523 43922 35825 608700 19725 588975 23738 494503 146048 111182 5860 94472 162877 9544 5389 30052 28710 1776 90588 67432 172197 97229 90337 348455 3992 4113 28309 348075 288326 59749 38899 19343 7548 21162 28681 28128 17596 3592 5023 3175 8195 17448 133533 30670 7038 95614 66543 65836 33693 17773 6861 5826 6178 29071
is_linear=0
shrinkage=0.05


Tree=7
num_leaves=96
num_cat=0
split_feature=7 26 40 42 5 40 32 5 36 37 12 8 13 13 30 1 34 3 12 0 3 1 30 12 15 13 29 42 12 31 38 4 5 40 3 36 33 3 17 35 39 38 5 40 37 15 4 13 5 11 40 32 40 31 31 31 1 15 4 7 37 30 29 29 40 7 5 2 29 4 26 17 17 4 34 29 11 34 31 23 2 38 8 4 12 33 38 2 34 0 37 13 31 31 29
split_gain=7.49308e+06 4.38758e+06 4.16914e+06 4.16371e+06 4.02325e+06 2.11665e+06 2.01558e+06 1.87277e+06 2.65562e+06 1.53998e+06 1.41823e+06 1.36913e+06 1.50754e+06 1.14853e+06 1.07872e+06 999932 985845 883483 881059 955588 850165 810762 676954 671194 614506 602227 601813 885540 574308 571526 543585 534870 513327 498430 491659 436816 436414 429630 417461 415122 410094 408867 519628 457529 400376 392310 387336 371113 651920 484110 460719 479243 370240 362793 358968 348309 345078 341018 324501 321503 318307 313870 311987 368929 410306 311301 300525 299240 297145 293332 350093 290348 273332 269684 260926 260884 344266 250560 244206 242604 241012 239811 235896 234271 233333 251339 232212 274301 226681 225341 222671 222419 220276 218556 366979
threshold=122.74952316284181 51.716773986816413 -0.010668246075510977 446.34500122070318 50.265832901000984 -0.012355337385088204 2.6718934774398808 -18.469038963317868 0.49186640977859503 9.9361572265625018 557.92361450195324 -88.34450531005858 12.073575973510744 14.274197101593019 10.914115428924562 1.3425976634025576 13.438017368316652 -0.54486328363418568 1154.1265258789065 59.865320205688484 2.0549803972244267 -18.043007850646969 24.122233390808109 2280.3535156250005 3717.5000000000005 3.7923864126205449 11129.915039062502 933.80999755859386 718.49578857421886 0.52924808859825145 1922.0000000000002 113.4292449951172 25.999262809753422 1.0000000180025095e-35 -1.8299609422683714 0.31248798966407781 8.5476627349853533 -1.9296484589576719 0.33827729523181921 5.1047468185424814 5608.0000000000009 2126.0000000000005 24.886602401733402 0.04591519013047219 16.519644737243656 5905.5000000000009 60.383598327636726 4.3072264194488534 35.922676086425788 1688.2595825195315 0.0375470519065857 2.2892953157424931 -0.038115851581096642 5.3177514076232919 0.70337030291557323 2.1456755399703984 -2.282832026481628 4316.5000000000009 25.803583145141605 -6.3314151763916007 9.4825801849365252 2.4302027225494389 11008.350097656252 11407.645019531252 0.025493553839623932 -30.726993560791012 -36.948207855224602 32.067363739013679 10908.850097656252 50.187164306640632 106.02397918701173 0.67655587196350109 0.20453422516584399 -60.69340515136718 15.417728900909426 11457.819824218752 505.45741271972662 13.113644123077394 3.8773201704025273 91.999927520751967 13.162461280822756 2126.0000000000005 -50.913688659667962 44.707319259643562 388.76289367675787 7.4607989788055429 1682.5000000000002 -10.612206935882567 12.489529609680178 13.348214626312258 20.454688072204593 9.3992719650268572 1.6395605206489565 5.3396892547607431 12534.375000000002
decision_type=2 2 2 2 2 2 2 2 2 2 2 2 2 2 2 2 2 2 2 2 2 2 2 2 2 2 2 2 2 2 2 2 2 2 2 2 2 2 2 2 2 2 2 2 2 2 2 2 2 2 2 2 2 2 2 2 2 2 2 2 2 2 2 2 2 2 2 2 2 2 2 2 2 2 2 2 2 2 2 10 2 2 2 2 2 2 2 2 2 2 2 2 2 2 2
left_child=2 -2 3 28 7 11 17 8 13 -10 45 -5 23 18 31 36 37 -6 19 44 -7 24 40 25 -16 66 38 86 -1 -17 32 33 34 80 69 -15 -14 67 90 -12 -8 43 -43 46 56 -3 47 65 49 50 62 -52 -34 60 -45 -32 79 -29 77 -25 68 -31 71 -64 73 -35 83 -11 -36 70 -27 -49 -61 -65 78 76 88 -39 -62 -4 -9 -19 -68 -13 -40 -86 87 -28 -56 -55 -23 -75 -59 -84 -95
right_child=1 10 4 5 6 20 22 14 9 16 39 12 15 35 21 29 -18 81 -20 -21 -22 26 -24 59 -26 30 27 57 -30 61 55 -33 52 41 53 -37 -38 58 84 -41 -42 42 -44 54 -46 -47 -48 48 -50 -51 51 -53 -54 89 75 -57 -58 92 -60 72 74 -63 63 64 -66 -67 82 -69 -70 -71 -72 -73 -74 91 -76 -77 -78 -79 -80 -81 -82 -83 93 -85 85 -87 -88 -89 -90 -91 -92 -93 -94 94 -96
leaf_value=0.59163873912462506 -4.1917068153180574 -0.52554066438291247 0.10129463966804682 1.9431828974634664 2.0181988353757032 -0.30718102961507193 1.544034217232767 0.13383897473009612 -0.14050766133110359 0.35783060537341999 -0.15439828349171475 -0.27724285262128306 -0.29487843998846819 0.39666362237212999 0.18410654648449523 -1.7029459149835124 1.1531502924181551 1.024132678517099 -0.37724920591968436 1.0993362471484915 -1.1142673404793562 0.029980684401184593 -1.0478605764623612 0.3411391383497287 0.91131974743690047 -0.34301138392908936 -0.53057906565231405 0.13666677344908659 1.5613098970941259 -0.071454945466501607 -0.0028670613592386585 -0.69129465333433227 0.11922614015598354 0.21920319347383252 -0.66114387368834837 1.3088744980877631 0.47767601608440124 0.58968093967218038 0.15196532314090741 -1.5420589025907214 0.21963223350931657 -0.11107313594185826 -0.81091977018366501 -0.56875171679625136 -0.25401358087671005 0.54517328593477654 -0.5380700988215138 0.049644561545993032 1.439127665060518 -0.6933633961167488 0.42085985462374931 0.10661903490046257 -0.50348205560385473 -0.16158425749796865 -0.10542191899128642 0.56158814552615777 -0.041696780365708418 1.1246663306750389 0.99044609286144736 -0.12033473371448376 -0.073607291010258327 -0.55525673885598925 0.24107200341290597 0.5287111367273768 -0.13512259424690559 -0.012443561545738882 0.6418028424006248 -0.78136755505338096 -0.13684123067894491 -0.79827188735933186 0.07502234468498474 -0.27604499299610091 -0.61434829652360545 -0.047101416114499632 0.28580990727807981 -0.23646638570984826 0.38192433295542449 -0.37191451084437005 0.16141739721564125 0.49596091122129704 0.51989381180766381 -0.70779810627687323 -0.010092636496719147 1.0965535701847169 0.70888669552936845 0.33149807308997886 -0.27696219840135028 0.029778818337302133 0.13138341205621665 -0.52530729012131439 0.70038592431946578 0.25697619630693852 0.38606971867540069 -0.07820795843623464 -0.51961992888219766
leaf_weight=2546 1137 3437 8964 820 2743 6126 650 11653 7697 14244 595 441 3409 8855 5645 1004 7380 8001 14480 2142 6986 14891 989 1321 5986 24186 2434 39278 3833 3867 8435 2748 2810 15227 3284 1539 3935 16229 6284 5792 5589 15769 3186 3828 10344 1136 3016 13727 889 1977 18204 36379 15816 13042 51790 4040 19395 1212 5548 3905 57691 25236 25212 3857 25748 303974 1308 598 15209 2719 6315 13641 9907 14459 7269 19383 4746 705 13669 6884 6190 203 255982 1036 8233 9524 15675 21027 12553 6323 1348 10292 6015 55308 5144
leaf_count=2546 1137 3437 8964 820 2743 6126 650 11653 7697 14244 595 441 3409 8855 5645 1004 7380 8001 14480 2142 6986 14891 989 1321 5986 24186 2434 39278 3833 3867 8435 2748 2810 15227 3284 1539 3935 16229 6284 5792 5589 15769 3186 3828 10344 1136 3016 13727 889 1977 18204 36379 15816 13042 51790 4040 19395 1212 5548 3905 57691 25236 25212 3857 25748 303974 1308 598 15209 2719 6315 13641 9907 14459 7269 19383 4746 705 13669 6884 6190 203 255982 1036 8233 9524 15675 21027 12553 6323 1348 10292 6015 55308 5144
internal_value=-7.94598e-06 -1.23918 0.0101774 -0.0952366 0.0773432 -0.109542 0.813637 0.0621509 0.241425 0.512682 -0.931814 -0.0946642 -0.0976986 0.0456324 0.0325073 -0.403977 0.625148 1.2414 -0.0356642 0.0679828 -0.737349 0.159149 0.165532 -0.0754306 0.558512 -0.0655006 0.122248 0.0472802 1.17475 -0.531568 -0.13841 0.00433965 -0.162012 0.00744778 -0.131208 0.53207 0.119091 0.520662 0.281626 -1.41292 0.358289 -0.000324678 -0.228815 0.00715792 0.0194533 -0.259376 0.0265174 0.0300419 0.0910773 0.0837211 0.0932454 0.211439 -0.409533 -0.0828154 -0.0949019 0.180021 0.0997321 0.194768 0.658499 -0.403461 -0.04341 -0.490987 0.0329119 0.0829989 0.00967034 -0.00139124 -0.0242032 0.311782 -0.23004 -0.300876 -0.256462 -0.112701 -0.474735 0.139989 0.000491012 -0.0743808 -0.0288992 0.549589 -0.0285834 0.27279 0.267832 0.981034 -0.0275139 0.686636 0.413907 0.506564 -0.127979 -0.0284167 -0.0592184 -0.280409 0.0857503 0.0793563 0.510351 -0.0302866 -0.115793
internal_weight=1.4842e+06 12097 1.4721e+06 572922 899179 566543 18175 881004 125004 52401 10960 553431 552611 72603 756000 37451 44704 10947 62209 47729 13112 137552 7228 515160 11631 500027 125921 85641 6379 30107 180808 618448 168333 615700 149707 10394 7344 37324 40280 6387 6239 597857 18955 578902 45587 4573 486602 483586 164385 163496 161519 54583 18626 116487 92300 12475 35243 46505 22482 15133 97122 29103 106936 79568 54356 319201 319219 14842 18493 33220 30501 27368 13812 28608 78629 88472 69089 16934 71360 15848 17843 8204 317742 1477 24041 17757 39136 23461 64343 19365 16239 24751 7227 316434 60452
internal_count=1484198 12097 1472101 572922 899179 566543 18175 881004 125004 52401 10960 553431 552611 72603 756000 37451 44704 10947 62209 47729 13112 137552 7228 515160 11631 500027 125921 85641 6379 30107 180808 618448 168333 615700 149707 10394 7344 37324 40280 6387 6239 597857 18955 578902 45587 4573 486602 483586 164385 163496 161519 54583 18626 116487 92300 12475 35243 46505 22482 15133 97122 29103 106936 79568 54356 319201 319219 14842 18493 33220 30501 27368 13812 28608 78629 88472 69089 16934 71360 15848 17843 8204 317742 1477 24041 17757 39136 23461 64343 19365 16239 24751 7227 316434 60452
is_linear=0
shrinkage=0.05


Tree=8
num_leaves=96
num_cat=0
split_feature=7 10 40 42 5 40 5 36 9 36 12 11 13 11 41 0 30 3 35 13 38 6 42 10 18 31 13 3 35 10 30 0 41 9 13 39 40 18 18 11 5 3 31 36 42 39 39 41 31 31 38 5 2 35 15 3 7 18 3 30 5 0 30 6 5 36 42 35 5 39 41 5 12 39 40 18 36 41 31 3 4 18 2 6 41 38 7 7 13 3 41 31 9 38 13
split_gain=6.60415e+06 3.84646e+06 3.76531e+06 3.77247e+06 3.63837e+06 1.89209e+06 1.69157e+06 2.45386e+06 1.34363e+06 1.56683e+06 1.2852e+06 1.24006e+06 1.23173e+06 1.16278e+06 1.10885e+06 995121 967256 765713 717923 848268 677872 599914 618788 592326 530577 528777 528438 527882 523646 512612 507935 506368 491765 461787 442804 527679 453523 427079 413802 421258 421792 410519 483100 450032 417357 408073 402475 378985 377559 402259 382329 486270 375132 356704 347360 324343 318658 316418 316081 315373 311239 296043 295899 617170 384067 289609 277437 357424 355622 276578 304664 275812 269828 267302 260063 258363 299712 248050 246991 236027 234960 233362 232909 232658 229313 287936 256930 221034 220987 216567 214924 213962 213137 212603 210098
threshold=122.74952316284181 27.063069343566898 -0.010668246075510977 446.34500122070318 50.265832901000984 -0.012355337385088204 -22.877535820007321 0.54048097133636486 47.831623077392585 0.089589193463325514 557.92361450195324 1073.7224731445315 12.528158664703371 887.69064331054699 -0.027803948149085041 -83.758422851562486 10.914115428924562 2.0549803972244267 7.2590444087982187 4.5833096504211435 1288.5000000000002 5.1420898437500009 641.95498657226574 29.454419136047367 -66.06499862670897 0.52924808859825145 2.8118100166320805 1.5802734494209292 4.943763494491578 -31.24477386474609 11.685329914093019 -11.048112869262694 0.023416954092681411 14.735619544982912 14.274197101593019 7390.5000000000009 -1.0000000180025095e-35 -35.305000305175774 25.115000724792484 2321.7058105468755 -36.948207855224602 -1.6096679568290708 5.1568171977996835 0.72465416789054882 963.22500610351574 5442.0000000000009 5951.0000000000009 0.0067093747202306995 0.40869252383708959 0.44581188261508947 2126.0000000000005 23.072167396545414 30.419355392456058 5.1047468185424814 5905.5000000000009 3.0999023914337163 -2.7374041080474849 74.924999237060561 0.57519531250000011 2.4302027225494389 -19.396076202392575 -32.072938919067376 1.7840750217437746 19.414550781250004 -7.8139417171478263 2.3951947689056401 644.79498291015636 2.6114600896835332 15.96560573577881 6492.0000000000009 0.0013455644366331401 7.3349852561950692 747.56005859375011 5534.5000000000009 -0.025630999356508252 136.11499786376956 0.50856244564056408 0.032617477700114257 1.4117932915687563 -2.6248046159744258 63.520360946655281 -192.93499755859372 28.959062576293949 -21.904785156249996 -0.023247523233294484 1968.0000000000002 8.796239376068117 34.632167816162116 2.9183876514434819 -4.0850195884704581 0.020809899084270004 1.5942329764366152 11.559701442718508 1460.5000000000002 2.1507796049118046
decision_type=2 2 2 2 2 2 2 2 2 2 2 2 2 2 2 2 2 2 2 2 2 2 2 2 2 2 2 2 2 2 2 2 2 2 2 2 2 2 2 2 2 2 2 2 2 2 2 2 2 2 2 2 2 2 2 2 2 2 2 2 2 2 2 2 2 2 2 2 2 2 2 2 2 2 2 2 2 2 2 2 2 2 2 2 2 2 2 2 2 2 2 2 2 2 2
left_child=2 10 3 24 6 12 7 11 9 58 54 20 15 25 87 -5 23 92 19 30 -4 38 32 34 60 -14 89 -20 75 -11 57 46 47 -16 36 79 83 -38 39 40 77 44 43 45 90 55 -21 -23 71 72 62 -52 61 -12 -2 78 -49 -18 -6 -27 -1 -42 63 64 -51 -44 -64 69 -69 70 -68 -39 -50 -46 -45 -28 -77 -17 -43 -36 84 -57 -25 -8 86 -86 93 -9 -19 -22 -24 -31 -7 -63 -87
right_child=1 -3 4 5 8 17 16 14 -10 29 53 -13 13 -15 33 21 18 88 27 31 26 22 41 82 -26 59 28 -29 -30 91 -32 -33 -34 -35 35 -37 37 48 -40 -41 52 42 65 74 73 -47 -48 56 49 50 51 -53 -54 -55 -56 81 -58 -59 -60 -61 -62 80 66 -65 -66 -67 67 68 -70 -71 -72 -73 -74 -75 -76 76 -78 -79 -80 -81 -82 -83 -84 -85 85 94 -88 -89 -90 -91 -92 -93 -94 -95 -96
leaf_value=1.0987973058612546 -0.49627637720114681 -3.9945160885502853 1.0838365758748452 2.0959704706664457 1.929705908020581 0.15846571683346666 0.71957420064320743 0.2436818244522555 2.0268241290060613 -0.92527104347521338 -0.15531365839426692 -0.38742990349320916 -1.6199467508790477 0.52434481283201251 0.48023284088770862 0.093519589061692665 0.11907273750394982 -0.23249891445264936 -0.13889085534105014 0.44150740693948187 -0.58948454154941421 -0.3186145161282703 -0.26088216655731483 0.26945956203306831 0.011651754376692889 -0.08133866885995128 0.27185493989018056 0.3403064347679261 0.87703267138406504 0.00073762303293301024 -0.030266975537275947 0.25994482527742968 0.068206098991963213 0.93063364087534861 -0.150532202767172 -0.37528757898643583 -0.54763964319882585 0.0026815894874424907 -0.90365158890232911 -0.43825360314700934 0.47665995239420555 0.036521164522145759 -0.36587184614369733 0.17492991342158162 0.19790748075125564 -0.27065161687420142 1.0294239562731817 -1.1812284569587572 1.4391821974402599 0.29461408583163384 -0.10160005371616897 -0.77082223841043451 -0.43601405388196834 -1.4608075737887372 0.50738724265720536 1.0434184175953947 -0.50525967604618571 0.60198353402624283 0.97376467952897849 -0.52171415936634069 1.9936047006528139 -0.39442564803247998 -0.10708399065285115 -0.82759714531630613 0.054126614906009479 -0.01475667803824072 0.039081047340646428 0.052129180667951296 0.34481804968688973 -0.15036116621017143 -0.076749824916366699 -0.52264021457565391 0.23454200836779104 -0.27196999296842539 -0.14933927625738497 -0.13807904971696283 0.93804230042045011 1.2232380152059736 -0.22202282620053992 0.42100404233471567 -0.28632127405722557 0.1461194017655755 -0.80919322561352325 0.18464284429697456 -0.0065114114293950698 0.11600326485785657 -0.33707017184686205 -0.45420808093952836 -1.1542904181343994 -0.039326636099624876 -0.57636952162678867 0.58022010893321796 -0.4839743010708043 0.0070027484068404828 0.65914511188214897
leaf_weight=4136 3443 1090 2041 526 975 1841 2341 2465 1913 1054 576 11441 990 3153 8837 889 7970 728 28431 11000 2341 13892 13224 599 919 4912 23094 7200 2988 3521 36820 43346 5229 16042 2053 2920 3553 4346 1350 6115 3009 18634 18956 32006 6362 23100 3961 2807 786 21930 16662 3240 5423 5793 1147 768 4617 5905 7759 23624 1278 3820 56952 1777 68314 8509 156690 129161 11282 36513 89018 5875 1135 5768 7661 7866 702 1070 18314 14954 8147 12078 3000 15339 246399 5298 10624 2097 6219 7554 9131 2906 4309 24032 2680
leaf_count=4136 3443 1090 2041 526 975 1841 2341 2465 1913 1054 576 11441 990 3153 8837 889 7970 728 28431 11000 2341 13892 13224 599 919 4912 23094 7200 2988 3521 36820 43346 5229 16042 2053 2920 3553 4346 1350 6115 3009 18634 18956 32006 6362 23100 3961 2807 786 21930 16662 3240 5423 5793 1147 768 4617 5905 7759 23624 1278 3820 56952 1777 68314 8509 156690 129161 11282 36513 89018 5875 1135 5768 7661 7866 702 1070 18314 14954 8147 12078 3000 15339 246399 5298 10624 2097 6219 7554 9131 2906 4309 24032 2680
internal_value=-6.19585e-05 -1.16574 0.00948706 -0.0907262 0.0733336 -0.104302 0.058897 0.267569 0.774445 0.626345 -0.883365 0.0789192 -0.0902356 -0.387984 0.639344 -0.0715374 0.0358816 -0.698217 0.152799 0.216488 0.193467 -0.0737424 -0.141379 0.00980281 1.12255 -0.485453 0.152601 -0.0420383 0.244626 0.0951962 0.0668935 0.346543 -0.366274 0.770729 0.0133743 0.245383 0.00597497 -0.00129375 -0.0310927 -0.0273741 -0.0193013 -0.107165 -0.0691046 -0.0232265 -0.261688 -0.096976 0.597337 -0.472851 0.0019245 0.00711452 0.00476683 -0.210648 -0.0239348 -1.34287 -0.245302 -0.0163945 -0.761216 0.324678 1.08111 -0.445927 1.31101 -0.0165798 0.0122677 0.0943929 0.112575 -0.257106 -0.00348962 0.0104699 0.0756482 -0.0219656 -0.00288395 -0.299336 0.728912 -0.0255382 0.112296 0.184867 -0.0496117 0.711497 -0.0916388 0.351997 -0.0215152 0.199996 -0.629592 0.255583 -0.0141456 0.00306233 -0.127904 -0.0772021 -1.05784 -0.169625 -0.389805 0.262902 -0.291676 -0.048091 0.298637
internal_weight=1.48326e+06 12049 1.47122e+06 572547 898669 566214 880541 87468 18128 16215 10959 58027 553117 32679 29441 520438 793073 13097 144633 109002 46586 519912 201056 648440 6333 29526 44545 35631 34650 7481 50695 58307 26545 24879 644841 19927 624914 607234 318856 317506 311391 174511 140026 112561 34485 72894 14961 21316 603681 593460 591539 19902 309432 6369 4590 49794 7424 13875 8734 28536 5414 304009 571637 92021 90244 27465 479616 422664 140443 282221 245708 10221 1921 12130 39667 31662 8568 1959 36948 17007 301000 12846 3599 17680 292853 254377 38476 4562 6947 9895 22355 6427 6150 27852 7978
internal_count=1483265 12049 1471216 572547 898669 566214 880541 87468 18128 16215 10959 58027 553117 32679 29441 520438 793073 13097 144633 109002 46586 519912 201056 648440 6333 29526 44545 35631 34650 7481 50695 58307 26545 24879 644841 19927 624914 607234 318856 317506 311391 174511 140026 112561 34485 72894 14961 21316 603681 593460 591539 19902 309432 6369 4590 49794 7424 13875 8734 28536 5414 304009 571637 92021 90244 27465 479616 422664 140443 282221 245708 10221 1921 12130 39667 31662 8568 1959 36948 17007 301000 12846 3599 17680 292853 254377 38476 4562 6947 9895 22355 6427 6150 27852 7978
is_linear=0
shrinkage=0.05


Tree=9
num_leaves=96
num_cat=0
split_feature=7 10 40 5 38 13 32 5 36 37 40 12 12 13 30 30 0 3 3 12 0 1 1 5 12 6 15 36 37 16 41 5 2 41 0 4 40 41 1 10 11 2 30 37 40 40 7 32 35 33 39 15 1 13 1 41 5 35 37 41 35 9 7 2 7 5 38 12 5 9 41 15 38 0 37 40 12 32 4 41 7 29 11 40 6 30 7 15 1 15 33 13 38 19 30
split_gain=6.02449e+06 3.4616e+06 3.39089e+06 3.28563e+06 2.92622e+06 1.71902e+06 1.64516e+06 1.53773e+06 2.21614e+06 1.28945e+06 1.25305e+06 1.15406e+06 1.0638e+06 988062 943299 882790 764698 737775 727007 725334 819828 673958 571218 570079 564819 545577 536426 501262 486649 479998 459174 458322 456847 451607 447473 438480 409463 392882 392765 368866 363844 358062 354322 348280 347537 426329 722700 559326 337272 333306 329079 323075 318901 316496 309868 307585 445399 304855 302552 310113 294813 293555 286624 272817 270872 264450 257309 255110 249498 239403 238083 247982 238904 237365 232992 232088 261171 226058 326549 279730 245504 224410 232148 223081 440865 246834 242804 229336 219740 278648 216472 216367 406266 215146 220272
threshold=122.74952316284181 27.063069343566898 -0.010668246075510977 50.265832901000984 1141.5000000000002 12.073575973510744 2.6718934774398808 -18.469038963317868 0.49186640977859503 9.9361572265625018 -0.012355337385088204 557.92361450195324 1001.5950317382814 14.274197101593019 119.60037994384767 10.914115428924562 -83.758422851562486 2.515292882919312 -0.54486328363418568 1154.1265258789065 59.865320205688484 -18.043007850646969 -8.2433986663818342 -29.217038154602047 2280.3535156250005 13.858398437500002 4345.5000000000009 0.017281603999435905 14.738651752471926 3778.072143554688 0.029891829006373886 -36.948207855224602 -54.36353683471679 -0.019802370108664032 -12.415276050567625 113.4292449951172 1.0000000180025095e-35 -0.02101852465420961 35.987577438354499 15.114087104797365 702.74932861328136 39.479745864868171 13.746915817260744 16.519644737243656 0.04591519013047219 0.0375470519065857 -44.762826919555657 1.443107068538666 5.1047468185424814 2.4718058109283452 6310.5000000000009 5905.5000000000009 -6.5459570884704581 6.9764599800109872 -2.282832026481628 -0.032984025776386254 7.3349852561950692 8.1130948066711444 8.6012024879455584 -0.016381362453103062 0.78818172216415416 10.036083698272707 -12.149913311004637 -6.4739258289337149 -6.3314151763916007 9.6131920814514178 1968.0000000000002 305.70646667480474 -26.472306251525875 4.3681263923645028 0.00032889978319872176 3886.5000000000005 1390.0000000000002 -57.740547180175774 8.4941625595092791 0.057305702939629562 2057.828002929688 7.5713920593261728 -78.47158050537108 -0.051596378907561295 5.6078784465789804 11943.814941406252 428.22482299804693 0.03041805233806372 18.522949218750004 1.5139434933662417 15.486697196960451 6931.5000000000009 -15.574726581573485 1998.5000000000002 0.63713303208351146 6.8846251964569101 1673.5000000000002 0.087261904031038298 12.955035686492922
decision_type=2 2 2 2 2 2 2 2 2 2 2 2 2 2 2 2 2 2 2 2 2 2 2 2 2 2 2 2 2 2 2 2 2 2 2 2 2 2 2 2 2 2 2 2 2 2 2 2 2 2 2 2 2 2 2 2 2 2 2 2 2 2 2 2 2 2 2 2 2 2 2 2 2 2 2 2 2 2 2 2 2 2 2 2 2 2 2 2 2 2 2 2 2 2 2
left_child=2 11 4 7 12 10 18 8 13 -10 16 51 61 19 32 35 -6 -12 -5 20 43 26 -8 33 25 30 -17 -23 93 -30 39 -32 -7 -11 -27 36 -9 -15 40 66 58 57 -31 54 45 46 52 53 -13 -33 -34 -2 -38 -47 -4 56 -48 -25 74 -60 -46 -1 -49 -24 -26 -64 73 -58 -68 -66 -41 72 -72 -18 -36 76 88 78 -75 -80 -81 90 -83 85 86 -57 -85 91 -62 -90 -61 -87 -93 94 -29
right_child=1 -3 3 6 5 14 22 15 9 23 17 48 -14 37 -16 21 24 -19 -20 -21 -22 27 63 41 64 34 -28 28 29 42 31 49 50 -35 38 -37 44 -39 -40 70 -42 -43 -44 -45 60 47 55 62 -50 -51 -52 -53 -54 -55 -56 83 67 -59 59 81 75 -63 65 -65 69 -67 68 -69 -70 -71 71 -73 -74 77 -76 -77 -78 -79 79 80 -82 82 -84 84 -86 87 -88 -89 89 -91 -92 92 -94 -95 -96
leaf_value=-0.076461693850392462 -0.4790252295297186 -3.7817134035563948 0.25253371460385254 1.823194360995543 1.9938005527072225 -1.6063895109376582 -0.51513682245648906 0.24314156259916359 -0.12896290401502705 0.21968651342854201 -0.14896217756544164 -0.14103718160981243 1.4168219724522919 0.97364634609627587 1.098074255531919 0.25153284691565547 0.59098021829494962 -1.0291069979635477 0.88428999349794424 -0.34307256589077695 1.0036945026764905 -0.36611479096407229 1.3257066064325969 0.39284445025867876 0.30907388491405929 -0.42712281913516253 0.95652602556495059 0.11930578375358014 0.14375578401209657 0.8750874904265038 1.0469253680662962 -0.28585134681859092 -0.34716051143633075 0.88212425232437419 -0.295111903817038 -0.62652557718069879 -0.1555780927936927 0.29546264710914844 -0.56325742246101052 -0.12718386078622071 0.17625564977657504 -0.82687456424807171 0.32368999473401833 -0.24094293742218109 -0.51591151416216519 0.16871824598619034 0.030079673732734093 0.14612680907950684 -1.3904690769304047 0.10362047319606321 -0.68835366225277927 0.48811342157766574 -0.73269142890021732 0.49773872682769005 -0.045113491409464961 0.23952337648600297 1.5921931263715372 1.0525282216463268 -0.37023178489549369 -0.52369460728489658 0.094835708091195514 0.62555865783506182 -0.0090488333212165682 0.29048268387621684 -0.06402228080858767 -0.44621898645011948 0.7190716665235195 0.35534397677341567 0.086075623856576342 -0.55306104805505041 -1.0685589428951867 -0.81663784758642111 -0.14122688012084397 -0.8618494753866639 -1.024103931042972 0.070551147160066094 0.38399100759134019 0.043037501756410169 -0.48161916193128401 -0.03166543276794951 -0.14538819431006675 -0.11644630412881692 -0.60117476817894611 -0.024990375963539799 -0.68843503510289716 -0.023244969578453126 -0.2308470732245522 -0.38347511661167183 -0.058174592507740576 -0.2824278703648509 0.066012001639487103 -0.11748396337319555 0.19927719929658447 0.80404202167487093 -0.096270332649110127
leaf_weight=2403 3457 1099 15871 2758 447 846 2235 17746 7748 3066 4259 596 3805 2998 995 7457 1425 5400 8205 14633 2189 5295 747 23032 1337 13895 4228 20711 55407 3801 1215 6041 28064 16070 4162 2745 4839 7421 4742 17269 10706 565 12479 10369 3883 30225 30350 33547 5834 60295 9451 1148 4738 9640 19466 11218 432 1894 9457 1645 8836 3910 63073 4224 3292 3657 1766 10208 12982 10444 795 2984 5368 1309 1487 21835 2499 48634 4071 168387 66080 22440 2773 82091 2877 150305 17349 3850 26913 28545 27943 14761 32198 835 27686
leaf_count=2403 3457 1099 15871 2758 447 846 2235 17746 7748 3066 4259 596 3805 2998 995 7457 1425 5400 8205 14633 2189 5295 747 23032 1337 13895 4228 20711 55407 3801 1215 6041 28064 16070 4162 2745 4839 7421 4742 17269 10706 565 12479 10369 3883 30225 30350 33547 5834 60295 9451 1148 4738 9640 19466 11218 432 1894 9457 1645 8836 3910 63073 4224 3292 3657 1766 10208 12982 10444 795 2984 5368 1309 1487 21835 2499 48634 4071 168387 66080 22440 2773 82091 2877 150305 17349 3850 26913 28545 27943 14761 32198 835 27686
internal_value=9.76587e-05 -1.10931 0.00924329 0.0697729 -0.0858818 -0.101045 0.735272 0.0560548 0.218271 0.466401 -0.0770656 -0.842205 0.756754 0.040105 -0.419711 0.0291726 -0.0664484 -0.641187 1.12093 -0.0350189 0.059114 0.143565 0.148325 0.569768 -0.0682555 -0.059125 0.506802 0.109925 0.130779 0.213902 -0.0330073 0.0857918 -0.459162 0.776039 -0.164018 0.00366162 0.00647464 0.49083 -0.121174 -0.0572475 -0.0951483 0.414849 0.452566 0.0138122 -0.000551308 0.0157592 -0.0126889 0.089895 -1.27478 0.0681412 -0.433164 -0.237762 -0.441232 0.248312 0.0885796 -0.00114506 0.127681 0.443091 -0.136719 -0.105864 -0.0896482 0.35843 0.0269109 0.446754 -0.369768 -0.0330261 -0.0417053 0.405997 0.162005 -0.435897 -0.236469 -0.442682 -0.261311 -0.05207 -0.487448 -0.0709557 -0.117216 -0.0552526 -0.0751832 -0.0708555 -0.0637175 -0.0602245 -0.169823 -0.0179286 -0.0785762 0.0112965 -0.0609115 -0.0014372 -0.136714 -0.17361 0.0331763 0.00602474 0.0997059 0.00973815 -0.00401502
internal_weight=1.48441e+06 12134 1.47227e+06 899750 572524 562406 18169 881581 125322 52375 523050 11035 10118 72947 39356 756259 513391 9659 10963 62528 47895 137899 7206 44627 512944 497871 11685 126214 120919 71687 398621 67551 38361 19136 99250 618360 615615 10419 85355 331070 80613 25491 16280 45706 597869 505358 365216 140142 6430 66336 37515 4605 9577 39865 35337 355639 40990 24926 69907 64258 92511 6313 100277 4971 15073 66730 304654 10640 14748 13736 26416 9147 6163 289906 5649 88628 66793 288481 239847 238538 234467 54801 25213 314649 102317 212332 99440 201114 64294 55458 29588 197264 46959 49232 48397
internal_count=1484408 12134 1472274 899750 572524 562406 18169 881581 125322 52375 523050 11035 10118 72947 39356 756259 513391 9659 10963 62528 47895 137899 7206 44627 512944 497871 11685 126214 120919 71687 398621 67551 38361 19136 99250 618360 615615 10419 85355 331070 80613 25491 16280 45706 597869 505358 365216 140142 6430 66336 37515 4605 9577 39865 35337 355639 40990 24926 69907 64258 92511 6313 100277 4971 15073 66730 304654 10640 14748 13736 26416 9147 6163 289906 5649 88628 66793 288481 239847 238538 234467 54801 25213 314649 102317 212332 99440 201114 64294 55458 29588 197264 46959 49232 48397
is_linear=0
shrinkage=0.05


Tree=10
num_leaves=96
num_cat=0
split_feature=5 40 18 42 5 9 5 36 13 12 9 36 41 12 10 30 2 35 8 6 37 0 10 31 5 42 0 30 34 16 17 38 31 12 10 31 13 37 9 40 30 6 5 34 18 38 9 31 5 30 5 33 5 36 41 5 4 6 38 33 40 18 41 4 33 5 9 5 12 2 4 41 34 10 12 42 30 9 31 34 37 18 34 34 37 38 31 8 18 2 6 13 31 40 2
split_gain=4.42402e+06 3.39586e+06 3.36762e+06 3.02794e+06 3.00074e+06 2.77307e+06 1.56805e+06 1.87509e+06 1.424e+06 1.131e+06 1.11293e+06 1.29165e+06 955163 929433 751993 723374 575238 564728 644986 522809 492434 491526 490189 453862 449938 448784 441251 441147 435354 430004 428366 552618 427508 414487 387937 391599 373042 473256 369566 358191 357251 502056 361617 341716 325544 321606 354226 313837 310314 308483 457937 590345 444183 356492 331929 401295 319367 300464 299524 287948 281425 274889 269450 264322 262303 261796 261521 258535 256041 252961 240780 247108 235896 235480 237116 224807 253903 248874 238304 217981 247758 282844 266647 499355 262055 215300 214640 206962 204547 204498 204260 203392 201251 199568 199038
threshold=-87.615394592285142 -0.010668246075510977 24.125000000000004 446.34500122070318 50.265832901000984 74.107799530029311 -23.513250350952145 0.54048097133636486 11.291760444641115 965.43722534179699 47.831623077392585 0.089589193463325514 -0.021830701269209381 1499.3757324218752 15.893939495086672 10.914115428924562 39.479745864868171 7.2590444087982187 -31.665176391601559 5.3198242187500009 12.646008014678957 -41.56446456909179 29.454419136047367 0.50421869754791271 -24.85461330413818 1003.4349975585939 -44.579822540283196 24.122233390808109 10.426873683929445 1163.9967041015627 0.33396995067596441 2171.5000000000005 1.6395605206489565 2057.828002929688 15.114087104797365 0.66484987735748302 14.274197101593019 9.6614546775817889 14.899187088012697 -1.0000000180025095e-35 1.7840750217437746 19.414550781250004 -7.8139417171478263 6.0996470451354989 -35.305000305175774 1838.0000000000002 51.985670089721687 2.4924738407135014 -36.948207855224602 4.8657858371734628 9.1889486312866229 13.973191738128664 35.922676086425788 1.2237902879714968 0.0081989192403852957 13.727751255035402 -13.48415946960449 -12.315917968749998 1948.0000000000002 1.6809046268463137 0.062236376106739051 197.70500183105472 0.061930038034915931 -20.531794548034664 2.2988119125366215 -19.396076202392575 5.9438359737396249 4.9244050979614267 853.65402221679699 -23.105429649353024 63.520360946655281 -0.040897667407989495 1.6923628449440005 11.899615764617922 2613.871704101563 963.22500610351574 2.4302027225494389 10.98710870742798 3.4174718856811528 15.417728900909426 16.244698524475101 -185.80500030517575 3.6024255752563481 3.833620667457581 7.8483779430389413 1636.5000000000002 2.0573080778121953 11.543410301208498 155.44499969482425 -0.79925781488418568 -21.904785156249996 11.632020473480226 1.918643116950989 -0.011859001591801642 28.959062576293949
decision_type=2 2 2 2 2 2 2 2 2 2 2 2 2 2 2 2 2 2 2 2 2 2 2 2 2 2 2 2 2 2 2 2 2 2 2 2 2 2 2 2 2 2 2 2 2 2 2 2 2 2 2 2 2 2 2 2 2 2 2 2 2 2 2 2 2 2 2 2 2 2 2 2 2 2 2 2 2 2 2 2 2 2 2 2 2 2 2 2 2 2 2 2 2 2 2
left_child=5 2 3 29 6 20 7 13 16 23 11 63 88 14 28 22 19 18 47 21 -1 -5 36 -10 -4 -19 -11 86 43 -2 67 45 -16 48 35 -21 39 -38 -14 90 41 42 -41 69 -42 46 59 -17 68 50 60 56 53 54 55 73 -52 -25 62 -32 -46 -55 79 -6 -36 -31 -56 -20 -23 -3 71 -50 -15 74 -51 76 -59 78 -78 80 82 -82 84 -84 -37 -86 -13 -35 -9 -64 -8 -58 -28 -73 -24
right_child=1 4 24 8 10 -7 15 12 9 26 -12 27 38 72 32 17 -18 25 30 34 -22 33 94 57 -26 -27 92 -29 -30 65 31 -33 -34 87 64 58 37 -39 -40 40 44 -43 -44 -45 49 -47 -48 -49 70 52 51 -53 -54 61 66 -57 91 75 -60 -61 -62 -63 89 -65 -66 -67 -68 -69 -70 -71 -72 93 -74 -75 -76 -77 77 -79 -80 -81 81 -83 83 -85 85 -87 -88 -89 -90 -91 -92 -93 -94 -95 -96
leaf_value=-0.070188286174544604 0.011554373917952684 0.63743613721301806 -1.5420085666593641 0.73697073109266986 1.7416703510001992 -3.6332768469698289 0.66572746541079608 0.45882114194930579 -1.4506189913419214 1.5643164076792122 1.8384077877180141 0.0068352953390495887 0.45732183028090678 0.21084028232191476 -0.083962009590208123 0.46367522730902827 -0.6341599340337557 -0.20419750020994831 -0.033067517017792626 -0.3388557521661143 -1.1639616851634613 0.90803494192268264 0.26928223011242286 -0.74656038494774701 -0.71542133922393936 0.15292903131001157 -0.32023948542346703 -0.92590071356220616 -0.28507640435428044 0.98823312970490285 -0.13057489257699739 0.65118565199043865 0.81784348326864631 -0.17922063436719249 -1.0896112563956504 0.26653922446125849 -0.34780742089779348 0.3250058374814988 0.87351757135560004 0.28010429369281331 -0.49187436087941477 -0.7480422033741646 0.04883198156785995 0.43529064780174931 -0.037140808036948247 -0.046216820660475028 -0.39729365608199224 1.2602536389916976 -0.20468525087783052 0.044201485024763121 -0.033081717217976633 0.33961850018724798 0.97479615478117287 0.18883935480288766 0.043603617609201041 0.29994169534377185 -0.35496935657538364 -0.11182353688310001 0.13389166958160459 0.31702099100353576 0.32266830507839672 1.3028358031323082 -0.41022241891461253 0.88076380722725678 -0.30860157222942697 1.815098236894455 -0.14399176811095127 0.31097581524128465 -0.47225342764807882 0.010840990488731148 -0.27843447866587634 0.0060226969224455428 -0.48929735025289101 -0.18364188928092096 -0.51393628422727355 0.0085490047617656564 -0.38368692082702111 -0.52735675942515736 0.1721416542098724 0.077197469597017995 0.93529814926413612 0.0015287465172469565 -0.83846889298678906 -0.20069728552855853 -0.04007544275346251 -0.25989747553260512 0.59611999838530882 -0.62580770761222515 -0.22924426880518356 0.38615655575798508 0.16190064065755805 -0.88740363960082702 0.48284129673234955 -0.63541249763789409 -0.73761304619228973
leaf_weight=1450 922 1748 3942 2137 1010 1085 2316 1532 1007 731 1926 4057 8289 1430 1670 7182 4358 19343 33182 15936 3545 1559 585 4993 2841 16130 1166 939 6510 4176 3965 7021 6156 10386 1167 4899 3077 17273 15020 22452 3578 1751 68357 8458 196583 12215 2053 1493 15074 146314 7952 4048 1215 19592 28109 13788 19641 7438 14978 38165 5586 567 980 7716 13349 1249 54782 6533 426 20107 8440 274760 7529 13171 1925 4247 6473 22216 2744 13368 857 14227 3257 52548 31877 17120 2493 3457 3642 4485 15213 1973 2344 1215 3002
leaf_count=1450 922 1748 3942 2137 1010 1085 2316 1532 1007 731 1926 4057 8289 1430 1670 7182 4358 19343 33182 15936 3545 1559 585 4993 2841 16130 1166 939 6510 4176 3965 7021 6156 10386 1167 4899 3077 17273 15020 22452 3578 1751 68357 8458 196583 12215 2053 1493 15074 146314 7952 4048 1215 19592 28109 13788 19641 7438 14978 38165 5586 567 980 7716 13349 1249 54782 6533 426 20107 8440 274760 7529 13171 1925 4247 6473 22216 2744 13368 857 14227 3257 52548 31877 17120 2493 3457 3642 4485 15213 1973 2344 1215 3002
internal_value=0.000126435 0.00566573 -0.0889881 -0.0758183 0.0663616 -1.34551 0.053271 0.261377 -0.0880373 -0.333811 0.70286 0.567666 0.58919 0.0871805 0.180442 0.0319191 -0.0623646 0.132011 0.187157 -0.0574411 -0.846683 -0.0182397 0.00933811 -0.401456 -1.19627 -0.0418085 0.449358 0.0858874 0.0858214 1.00992 0.152317 0.232953 0.625447 -0.023365 -0.123268 -0.102607 0.0125597 0.223237 0.725591 0.0057417 -0.000648127 0.0898397 0.10602 0.165496 -0.0167919 0.180855 0.243631 0.601158 -0.0110795 -0.01349 -0.0556092 -0.22649 0.0220463 0.0178755 0.00205721 0.04106 -0.304024 -0.379407 -0.0788626 0.27489 -0.0271945 0.220361 -0.101053 0.980975 -0.371602 1.1795 -0.0803774 0.0235457 0.611545 0.0610379 -0.0152124 -0.00757651 -0.377511 0.0189406 0.0369434 -0.336842 -0.374577 -0.436736 -0.218208 -0.114676 -0.135233 0.0547566 -0.161357 -0.237963 -0.0820285 -0.116895 0.231294 -0.290858 -0.0253626 0.2432 0.228571 -0.403688 0.216017 0.00319185 -0.573311
internal_weight=1.48379e+06 1.47771e+06 577349 570566 900364 6080 882223 82091 564219 53359 18141 16215 28483 53608 44649 800132 510860 147282 111809 506502 4995 317454 652850 49118 6783 35473 4241 7489 36823 6347 103134 63419 7826 315317 189048 174532 649263 20350 23309 628913 611384 92560 90809 30313 518824 56398 44183 8675 301474 515246 235783 33614 279463 278248 258089 175198 29566 48111 158596 42130 202169 20159 143618 8726 14516 5425 82891 39715 1985 21855 299489 291049 8959 161410 148239 43118 38871 31433 9217 138153 124785 15084 109701 55805 53896 48997 6550 13843 5174 5465 17529 21614 3510 275975 3587
internal_count=1483793 1477713 577349 570566 900364 6080 882223 82091 564219 53359 18141 16215 28483 53608 44649 800132 510860 147282 111809 506502 4995 317454 652850 49118 6783 35473 4241 7489 36823 6347 103134 63419 7826 315317 189048 174532 649263 20350 23309 628913 611384 92560 90809 30313 518824 56398 44183 8675 301474 515246 235783 33614 279463 278248 258089 175198 29566 48111 158596 42130 202169 20159 143618 8726 14516 5425 82891 39715 1985 21855 299489 291049 8959 161410 148239 43118 38871 31433 9217 138153 124785 15084 109701 55805 53896 48997 6550 13843 5174 5465 17529 21614 3510 275975 3587
is_linear=0
shrinkage=0.05


end of trees

feature_importances:
dPS=74
btP=61
dB=55
slp700=54
btS=42
cutn=41
tw_span=37
nn_aniso=36
dz=35
dS=34
dSG=34
cstd=34
pstd=33
dPZ=32
slp50=32
dP=31
btG=31
lk=30
dG=29
dZ=27
npred=27
btPS_ratio=26
pfx_gr=26
md_since=25
btZ=25
cmean=24
nn_real=24
dSB=21
btB=21
btBlend=15
hd_since=10
frac=8
twgr_S=4
dzdmd=3
grm101=2
twgr_P=2

parameters:
[boosting: gbdt]
[objective: regression]
[metric: rmse]
[tree_learner: serial]
[device_type: cpu]
[data_sample_strategy: bagging]
[data: ]
[valid: ]
[num_iterations: 11]
[learning_rate: 0.05]
[num_leaves: 96]
[num_threads: 6]
[seed: 42]
[deterministic: 0]
[force_col_wise: 0]
[force_row_wise: 0]
[histogram_pool_size: -1]
[max_depth: -1]
[min_data_in_leaf: 60]
[min_sum_hessian_in_leaf: 0.001]
[bagging_fraction: 0.8]
[pos_bagging_fraction: 1]
[neg_bagging_fraction: 1]
[bagging_freq: 1]
[bagging_seed: 400]
[bagging_by_query: 0]
[feature_fraction: 0.8]
[feature_fraction_bynode: 1]
[feature_fraction_seed: 30056]
[extra_trees: 0]
[extra_seed: 12879]
[early_stopping_round: 0]
[early_stopping_min_delta: 0]
[first_metric_only: 0]
[max_delta_step: 0]
[lambda_l1: 0.05]
[lambda_l2: 3]
[linear_lambda: 0]
[min_gain_to_split: 0]
[drop_rate: 0.1]
[max_drop: 50]
[skip_drop: 0.5]
[xgboost_dart_mode: 0]
[uniform_drop: 0]
[drop_seed: 17869]
[top_rate: 0.2]
[other_rate: 0.1]
[min_data_per_group: 100]
[max_cat_threshold: 32]
[cat_l2: 10]
[cat_smooth: 10]
[max_cat_to_onehot: 4]
[top_k: 20]
[monotone_constraints: ]
[monotone_constraints_method: basic]
[monotone_penalty: 0]
[feature_contri: ]
[forcedsplits_filename: ]
[refit_decay_rate: 0.9]
[cegb_tradeoff: 1]
[cegb_penalty_split: 0]
[cegb_penalty_feature_lazy: ]
[cegb_penalty_feature_coupled: ]
[path_smooth: 0]
[interaction_constraints: ]
[verbosity: -1]
[saved_feature_importance_type: 0]
[use_quantized_grad: 0]
[num_grad_quant_bins: 4]
[quant_train_renew_leaf: 0]
[stochastic_rounding: 1]
[linear_tree: 0]
[max_bin: 255]
[max_bin_by_feature: ]
[min_data_in_bin: 3]
[bin_construct_sample_cnt: 200000]
[data_random_seed: 175]
[is_enable_sparse: 1]
[enable_bundle: 1]
[use_missing: 1]
[zero_as_missing: 0]
[feature_pre_filter: 1]
[pre_partition: 0]
[two_round: 0]
[header: 0]
[label_column: ]
[weight_column: ]
[group_column: ]
[ignore_column: ]
[categorical_feature: ]
[forcedbins_filename: ]
[precise_float_parser: 0]
[parser_config_file: ]
[objective_seed: 16083]
[num_class: 1]
[is_unbalance: 0]
[scale_pos_weight: 1]
[sigmoid: 1]
[boost_from_average: 1]
[reg_sqrt: 0]
[alpha: 0.9]
[fair_c: 1]
[poisson_max_delta_step: 0.7]
[tweedie_variance_power: 1.5]
[lambdarank_truncation_level: 30]
[lambdarank_norm: 1]
[label_gain: ]
[lambdarank_position_bias_regularization: 0]
[eval_at: ]
[multi_error_top_k: 1]
[auc_mu_weights: ]
[num_machines: 1]
[local_listen_port: 12400]
[time_out: 120]
[machine_list_filename: ]
[machines: ]
[gpu_platform_id: -1]
[gpu_device_id: -1]
[gpu_device_id_list: ]
[gpu_use_dp: 0]
[num_gpu: 1]

end of parameters

pandas_categorical:[]
