tree
version=v4
num_class=1
num_tree_per_iteration=1
label_index=0
max_feature_idx=42
objective=regression
feature_names=dS dP dZ dB dG dPS dPZ dSG dSB cstd cmean nn_real nn_aniso pstd zstd md_since hd_since frac dz dzdmd gr grm21 grs21 grm101 grs101 gres_S twgr_S twgr_P gr_anchor lk btS btP btZ btB btG btBlend btPS_ratio pfx_gr cutn npred slp700 slp50 tw_span
feature_infos=[-131.29631042480469:278.3438720703125] [-81.377578735351562:55.689685821533203] [-81.761482238769531:87.368362426757812] [-14.079648017883301:19.580194473266602] [-227.14004516601562:237.27702331542969] [-261.4783935546875:151.70989990234375] [-80.662109375:130.263671875] [-275.32223510742188:345.37295532226562] [-130.08859252929688:279.96368408203125] [0.051114495843648911:118.43827056884766] [-61.700630187988281:73.96331787109375] [0:7847.47216796875] [0:38806.25] [0.0034870256204158068:27.064628601074219] [0.10393737256526947:18.038066864013672] [1:10009] [0.98112177848815918:10001.2109375] [0:1] [-339.35000610351562:420.42001342773438] [-0.21500000357627869:0.1550000011920929] [19.463857650756836:234.51875305175781] [21.995609283447266:228.23255920410156] [0:76.317054748535156] [26.571304321289062:215.64289855957031] [0.57294481992721558:67.305671691894531] [-154.26072692871094:167.02201843261719] [25.639291763305664:207.95211791992188] [25.987913131713867:201.01289367675781] [-109.62628936767578:160.92088317871094] [10071.900390625:12824.3701171875] [0.083716988563537598:122.30381774902344] [0.27447542548179626:27.070512771606445] [0.34301504492759705:61.578544616699219] [0.19735600054264069:146.51863098144531] [0.03056047298014164:67.074966430664062] [0.44828763604164124:31.153240203857422] [0.013006723485887051:18.157138824462891] [5.5823068618774414:26.944284439086914] [1052:2362] [1615:10018] [-0.072946295142173767:0.068027257919311523] [-0.090717896819114685:0.33426281809806824] [322:1377.800048828125]
tree_sizes=8900 9042 8990 9007 9072 9020 9015 8979 9007 9015 8997

Tree=0
num_leaves=96
num_cat=0
split_feature=42 40 7 8 12 40 3 30 13 13 31 42 29 4 4 15 0 8 1 2 31 5 42 1 38 42 31 12 1 12 5 5 7 34 3 1 29 4 9 3 31 9 38 9 12 32 5 7 40 8 5 34 39 33 38 4 40 1 40 3 12 4 30 31 10 13 9 38 38 3 34 13 32 42 33 40 42 6 34 39 5 40 6 7 29 32 29 30 30 36 34 39 40 30 1
split_gain=1.26513e+07 8.71588e+06 6.76996e+06 6.73294e+06 3.56152e+06 3.42373e+06 2.48164e+06 2.19774e+06 2.23415e+06 2.0841e+06 1.8206e+06 1.66726e+06 2.32685e+06 1.64741e+06 1.63377e+06 1.52107e+06 1.4107e+06 1.36432e+06 1.303e+06 1.19999e+06 1.19134e+06 2.2229e+06 1.10435e+06 1.01919e+06 983770 886189 859741 938514 838655 821546 4.80716e+06 1.21284e+06 788798 1.13317e+06 962966 951794 722675 716183 703554 684603 766482 796248 720601 790928 679337 672952 661846 650269 631328 605110 599780 665363 599102 589345 491615 579229 471379 463808 736696 645918 600211 456611 435270 432418 415716 406535 420672 384108 382322 369824 366875 366463 343419 341401 333295 329964 375254 774525 367259 362933 346004 336141 327991 327048 323947 312530 308291 565671 520881 408992 353340 308793 306681 350304 306443
threshold=353.64999389648443 -0.010668246075510977 122.74952316284181 60.330732345581062 1196.7597656250002 -0.012355337385088204 2.0549803972244267 11.16567373275757 14.274197101593019 12.073575973510744 0.50421869754791271 906.49499511718761 11129.915039062502 71.365947723388686 -120.43614959716795 2356.5000000000005 -41.56446456909179 -88.34450531005858 -13.297402381896971 -7.7947852611541739 7.1841576099395761 -18.469038963317868 1169.8899536132815 1.3425976634025576 1333.5000000000002 1110.1900024414065 1.7167637944221499 709.10202026367199 35.987577438354499 215.27522277832034 35.922676086425788 -28.256587982177731 -44.762826919555657 1.9957683086395266 1.7051171660423281 -7.9216015338897696 12464.750000000002 -14.16843795776367 39.151590347290046 -1.8299609422683714 5.3396892547607431 32.76140213012696 1922.0000000000002 16.923047065734867 2057.828002929688 51.392713546752937 81.678005218505874 40.669649124145515 0.0017988746985793116 10.304737091064455 -36.948207855224602 4.5877299308776864 7390.5000000000009 8.5476627349853533 1564.5000000000002 -60.69340515136718 -0.057117903605103486 -12.244297027587889 0.031212169677019123 -4.2296874523162833 636.57211303710949 -29.204670906066891 2.4302027225494389 0.47064766287803655 -10.920999526977537 19.656799316406254 7.5434639453887948 1649.5000000000002 1476.0000000000002 -2.5098438262939449 8.5261969566345233 4.7937703132629403 4.613201618194581 802.84500122070324 17.883082389831547 -0.039222992956638329 671.23999023437511 3.7084960937500004 7.527339220046998 5471.0000000000009 17.550998687744144 -0.035063814371824258 19.414550781250004 -128.26146697998044 12534.375000000002 2.2286161184310918 11367.950195312502 1.7840750217437746 4.4347059726715097 0.68224540352821361 51.423639297485359 6492.0000000000009 0.047770353034138686 5.3499174118042001 11.369316577911379
decision_type=2 2 2 2 2 2 2 2 2 2 2 2 2 2 2 2 2 2 2 2 2 2 2 2 2 2 2 2 2 2 2 2 2 2 2 2 2 2 2 2 2 2 2 2 2 2 2 2 2 2 2 2 2 2 2 2 2 2 2 2 2 2 2 2 2 2 2 2 2 2 2 2 2 2 2 2 2 2 2 2 2 2 2 2 2 2 2 2 2 2 2 2 2 2 2
left_child=4 2 5 7 -1 9 -7 8 14 28 -11 12 19 38 -3 65 -10 -16 -4 -9 29 37 25 53 -18 26 -17 -28 39 30 31 68 33 -31 35 -35 -20 -22 -5 42 44 49 43 64 50 46 57 -29 -33 -42 51 -41 69 -12 -50 -56 94 58 -34 63 85 -8 -25 -59 -2 66 -13 71 -19 -26 -71 -66 -57 -64 86 78 77 -77 -58 -78 -81 -79 -76 -45 -30 -60 88 -88 -61 92 91 -89 93 -90 -52
right_child=1 3 18 13 -6 6 61 11 16 10 23 15 -14 -15 17 22 24 20 36 -21 21 -23 -24 62 52 -27 27 47 84 32 -32 48 45 34 -36 -37 -38 -39 -40 40 41 -43 -44 83 -46 -47 -48 -49 54 -51 56 -53 -54 -55 55 72 75 59 60 74 -62 -63 73 -65 67 -67 -68 -69 -70 70 -72 -73 -74 -75 82 76 79 81 -80 80 -82 -83 -84 -85 -86 -87 87 90 89 -91 -92 -93 -94 -95 -96
leaf_value=1.4244033295370331 -0.23325293690702076 4.4418402057141204 -2.025815741886912 1.8729050570161545 3.831053894598806 0.41865353252395199 -1.5858781653968128 1.5878834936233612 3.7888671844773856 -1.9400463247072062 0.23061647008351244 0.64100442491316423 0.42859998866154192 3.0263127590545769 -0.70921798633438571 0.70463515754871531 2.3040234942788422 1.7698766678953513 -0.77229208201938393 0.78376782636202202 2.1232744250574163 0.7287656890155878 1.5824941207403329 0.56382916124249438 0.54527755322030902 0.59361616150975682 1.0828644773766691 2.1272146618938086 0.083018612265627123 -0.29209050434898076 3.9195489952247815 1.0458906722432733 0.56750807160339445 0.61269536285638793 1.1508926673128976 0.052695246401744833 1.1375858964548411 1.2073203695833277 0.64647188406432499 2.25505275624135 0.5489293779407447 -0.3685746173624046 0.8401047236082233 1.3953363325238253 0.22962257905116429 -0.019529135217379201 4.248293573590761 1.2969877626128747 0.8126543624433511 0.22524677675321469 0.48099846607821617 0.44938483994882994 0.32065709129100328 1.1166598974867956 1.1771296262537478 0.41555857176758754 0.41905464994373165 2.1200875624472069 0.95906526596004715 0.55265949821238192 1.208917715883604 -0.69498280987211936 -0.13652368182208785 0.82015045879589854 0.46184187270202415 -0.1839678261393688 0.93222099561304916 0.59716785521881433 0.81194387362172282 1.2207102274921509 0.18844599598835421 0.11612839362011018 0.66020965324606418 0.25278938460656214 0.43985145655692376 0.69547577613095868 0.70561062270022257 -0.3092314410412379 0.71110083655229872 0.60159191616960872 0.26220116054596809 0.32916312064895259 -0.28760950702899468 0.057663429532361921 -1.1126678513346673 0.63421554944566882 0.79728356945278556 0.53803606714886332 0.48100366251992893 0.95156788115067026 1.3422448077065128 0.33489329623173636 0.2056489846578074 0.73902989183894296 0.96509340936789156
leaf_weight=2600 2141 280 2186 5230 3767 6197 2036 7530 483 1016 3401 24161 40300 2890 1860 8994 1511 3463 5191 12083 3782 42476 11433 3852 2753 9170 22754 4323 5964 5264 1183 10580 34339 19296 4817 12502 546 4908 1506 1155 48696 3078 9298 466 12100 4081 123 5206 27703 20523 4261 911 2933 4180 3572 33120 46617 655 12685 93220 10431 4989 16894 23165 27241 1091 25475 33354 1491 16847 905 10667 25299 8461 11430 19925 110356 2340 13995 84526 8239 17260 1790 18509 624 17779 20247 134139 16088 15527 1282 21737 3363 72069 14020
leaf_count=2600 2141 280 2186 5230 3767 6197 2036 7530 483 1016 3401 24161 40300 2890 1860 8994 1511 3463 5191 12083 3782 42476 11433 3852 2753 9170 22754 4323 5964 5264 1183 10580 34339 19296 4817 12502 546 4908 1506 1155 48696 3078 9298 466 12100 4081 123 5206 27703 20523 4261 911 2933 4180 3572 33120 46617 655 12685 93220 10431 4989 16894 23165 27241 1091 25475 33354 1491 16847 905 10667 25299 8461 11430 19925 110356 2340 13995 84526 8239 17260 1790 18509 624 17779 20247 134139 16088 15527 1282 21737 3363 72069 14020
internal_value=0.625639 0.61606 0.46393 0.712932 2.84912 0.484206 -0.310856 0.698763 0.660413 0.503184 0.144842 0.859073 0.645975 2.02802 0.643586 0.972448 1.12068 0.642041 -0.987259 1.09259 0.64567 0.87786 1.13883 0.202626 1.06866 1.03822 1.13699 1.25743 0.529426 0.627177 0.754077 0.718397 0.601984 0.393644 0.492296 0.392487 -0.590353 1.60633 1.59884 0.536674 0.565603 0.417931 0.420594 0.378364 0.597407 0.619642 0.624969 1.67399 0.680654 0.452946 0.611162 1.45974 0.988809 0.719162 0.63756 0.559307 0.605702 0.624037 0.738251 0.603316 0.881616 -0.954018 0.0685577 0.85608 0.452763 0.769473 0.790477 0.473409 1.48186 1.08441 1.16802 0.364528 0.521504 -0.00666897 0.587912 0.590837 0.616905 0.475954 0.486488 0.644334 0.571438 0.252815 0.341167 0.0906314 -0.0309742 0.7695 0.596551 0.548555 0.639069 0.714317 0.516508 0.509703 0.674056 0.691939 0.852253
internal_weight=1.48491e+06 1.47854e+06 575215 903324 6367 567292 13222 893698 721178 554070 37804 172520 59913 9626 695746 112607 25432 695466 7923 19613 693606 51166 61880 36788 24949 50447 41277 32283 516266 642440 106411 105228 536029 41879 36615 31798 5737 8690 6736 509678 408002 72297 101676 92378 335705 494150 490069 9529 100274 69219 323605 2066 23438 7581 89694 61991 321539 489946 75234 414712 40895 7025 29207 23820 73403 50727 49636 71262 4954 20505 17752 37908 58419 25355 390892 303258 242646 39525 60612 203121 92765 19600 13220 18975 6588 30464 377672 177405 200267 107047 157158 155876 91520 88157 18281
internal_count=1484906 1478539 575215 903324 6367 567292 13222 893698 721178 554070 37804 172520 59913 9626 695746 112607 25432 695466 7923 19613 693606 51166 61880 36788 24949 50447 41277 32283 516266 642440 106411 105228 536029 41879 36615 31798 5737 8690 6736 509678 408002 72297 101676 92378 335705 494150 490069 9529 100274 69219 323605 2066 23438 7581 89694 61991 321539 489946 75234 414712 40895 7025 29207 23820 73403 50727 49636 71262 4954 20505 17752 37908 58419 25355 390892 303258 242646 39525 60612 203121 92765 19600 13220 18975 6588 30464 377672 177405 200267 107047 157158 155876 91520 88157 18281
is_linear=0
shrinkage=1


Tree=1
num_leaves=96
num_cat=0
split_feature=42 40 18 8 12 9 34 30 13 35 39 31 4 13 4 5 8 0 15 35 31 5 6 41 42 30 33 8 41 5 5 33 5 30 32 29 42 39 31 4 1 17 9 41 41 4 40 41 39 39 40 32 1 39 39 39 8 31 5 41 5 32 12 4 18 34 8 4 41 19 18 16 33 6 42 39 9 4 31 3 34 42 12 31 4 32 0 29 13 13 5 40 16 39 6
split_gain=1.15691e+07 7.87349e+06 6.73025e+06 5.9661e+06 3.20948e+06 2.74456e+06 2.11053e+06 1.96041e+06 2.01511e+06 1.55807e+06 1.53425e+06 1.57136e+06 1.49981e+06 1.49962e+06 1.45177e+06 1.42337e+06 1.22062e+06 1.19609e+06 1.15291e+06 1.14346e+06 1.07803e+06 2.03978e+06 1.05237e+06 1.03956e+06 906082 892931 878108 807467 734883 4.8568e+06 1.19184e+06 790137 1.01398e+06 814481 786568 736842 716718 679611 677002 665444 656282 639740 634753 564618 703465 752253 604228 563779 562250 539856 521404 523021 528823 465319 464656 518268 449850 525912 519328 457249 941495 567953 473548 440971 429626 418508 413596 411513 407529 406264 405458 396501 389877 378782 372898 357562 467017 353447 338119 332535 336237 325536 318016 351836 312616 309336 306444 298021 294717 288118 274539 264668 261444 261399 260703
threshold=353.64999389648443 -0.010668246075510977 25.115000724792484 60.330732345581062 1019.9722595214845 33.480539321899421 8.3537793159484881 11.16567373275757 14.274197101593019 4.4038498401641855 4966.0000000000009 1.2373186945915224 -120.43614959716795 11.938191890716555 71.365947723388686 -23.513250350952145 -88.34450531005858 -41.56446456909179 4988.5000000000009 3.3618535995483403 7.1841576099395761 -18.078014373779293 65.835449218750014 -0.030032462440431115 484.49499511718756 12.955035686492922 9.2411241531372088 -17.29238128662109 -0.030455183237791058 35.922676086425788 30.244591712951664 17.883082389831547 -31.515614509582516 1.7840750217437746 1.1906443238258364 11221.200195312502 1078.2049560546877 6680.0000000000009 0.50421869754791271 -14.542439937591551 35.987577438354499 0.32623900473117834 39.151590347290046 0.029891829006373886 0.033552516251802451 37.550338745117195 -0.011859001591801642 -0.0015387939056381581 6310.5000000000009 6963.5000000000009 0.049056353047490127 5.5354361534118661 4.8514842987060556 5887.5000000000009 6492.0000000000009 6269.5000000000009 13.276098728179933 4.3038976192474374 -26.472306251525875 0.013110796455293896 12.683648109436037 0.89194133877754223 2280.3535156250005 -4.7434096336364737 137.98500061035159 1.0783070325851443 25.868708610534672 -14.542439937591551 -0.040897667407989495 0.089880954474210753 -137.495002746582 2524.3994140625005 1.9299811124801638 -19.634277343749996 683.79501342773449 5328.5000000000009 7.276649236679078 17.968051910400394 4.2311358451843271 -2.5098438262939449 8.5261969566345233 1131.2299804687502 438.69926452636724 3.2543011903762822 -22.088455200195309 3.2145171165466313 39.104883193969734 12534.375000000002 0.1076730750501156 5.6954047679901132 13.727751255035402 -0.051056273281574242 3391.620727539063 4550.0000000000009 -8.9077148437499982
decision_type=2 2 2 2 2 2 2 2 2 2 2 2 2 2 2 2 2 2 2 2 2 2 2 2 2 2 2 2 2 2 2 2 2 2 2 2 2 2 2 2 2 2 2 2 2 2 2 2 2 2 2 2 2 2 2 2 2 2 2 2 2 2 2 2 2 2 2 2 2 2 2 2 2 2 2 2 2 2 2 2 2 2 2 2 2 2 2 2 2 2 2 2 2 2 2
left_child=4 2 5 7 -1 13 19 8 12 10 69 25 -3 40 42 -4 -14 -10 41 22 28 39 -7 -15 -19 71 27 -11 29 36 31 32 47 75 -32 65 53 -28 -25 -22 43 -13 -5 56 45 -45 72 -30 74 79 51 54 -53 89 55 -37 58 82 -2 62 77 -62 68 -64 -52 92 -43 -31 -60 86 -8 -12 -46 -38 -40 93 -77 -61 -21 -26 -81 -67 83 -58 -29 -36 -9 -42 -33 90 -18 -74 -35 -34 -84
right_child=1 3 15 14 -6 6 70 9 17 26 11 18 16 23 -16 -17 20 24 -20 78 21 -23 -24 38 49 -27 37 84 30 67 34 88 33 35 85 50 73 -39 48 -41 87 66 -44 44 46 -47 -48 -49 -50 -51 64 52 -54 -55 -56 -57 57 -59 59 60 61 -63 63 -65 -66 81 -68 -69 -70 -71 -72 -73 91 -75 -76 76 -78 -79 -80 80 -82 -83 94 -85 -86 -87 -88 -89 -90 -91 -92 -93 -94 -95 -96
leaf_value=0.76113889734986451 -1.535650140547995 3.6248386759227831 -2.3599652989062703 1.1836570139395406 3.0444076527475659 -0.10988773040894473 -0.40714397153382498 0.019642594380084838 2.9666621741924573 -0.44117381218373952 0.14097478395833776 0.33858210072760886 -1.2783560347990151 0.51233560976194015 2.2701916905245585 -0.87043701040731813 -0.00045645923306126602 1.5968364846358729 1.5681356069304349 -1.4494897304617576 1.4291264797454442 0.095181324244435178 -2.7367824423574185 -2.1964120725128384 -0.074601398080013565 -0.15463902737039575 0.42179775858301655 0.32028646650741177 0.82751962520946931 3.1146961965726288 0.53760232831191546 -0.077759215368882306 0.1622249396396484 0.20136087576766182 -0.77734082846599062 -0.087028368775836959 0.92940425384546321 0.01535838200234086 -0.71746511951477321 0.55435873734647378 -0.48509652234658085 0.75433877710084074 0.018136686716866076 0.27727405880731359 -0.45854136807692969 1.6519537260209629 -0.89981326298135667 0.014408086595265527 -0.84605031008416709 -0.25573726954844178 -0.16999262842419444 -0.024310326904172848 0.32955249723721031 -0.13040909556895516 -0.3043401132242724 0.7179612685935407 -0.092894852240948747 -0.43756251906038135 -0.25762775514963288 -0.058026532438623379 -1.1732746299153325 -0.39642621077332341 -0.88792487778826024 -0.095029507000626068 -0.66568597079174086 0.039042881338186682 1.5736763938602649 1.3220284321820626 -0.025267886241528703 1.0200072778678133 0.47976370268758883 0.78433354260433985 0.34381608762676824 0.2131777308071833 -0.25563378204471976 0.088427640425349702 0.4423430417145503 -0.53697843589481742 -0.94094246624226729 0.57207505019554739 -0.41647432611188501 -0.26304348459354382 -1.0554663230373675 0.40011026653940568 -0.029109119247260253 -0.074180281413264923 0.76042422352844607 -1.6527183189014398 -0.56824648979068371 0.29336595511599189 0.37930906629999411 0.0043719872543208698 0.76865701871365855 -0.13244893655633852 -0.21986385556093194
leaf_weight=2586 611 285 3855 5218 3808 5274 1917 27073 468 10992 4030 10355 1814 2759 2848 2754 36656 1540 3900 5454 3800 42076 408 573 2704 9488 23998 8118 5696 1381 1581 4804 16140 8156 8995 152818 3502 17998 5579 5091 5645 15835 1505 7622 4257 1142 1881 3406 7565 3216 13008 41392 14170 27446 26155 2023 20340 20021 20410 41519 3144 9347 3227 3838 6583 168366 1707 425 249688 1138 3917 5905 6279 3905 20179 19679 17710 4243 8242 16634 905 9414 961 4399 30243 1894 1469 603 8451 16871 5466 66876 2703 14096 29705
leaf_count=2586 611 285 3855 5218 3808 5274 1917 27073 468 10992 4030 10355 1814 2759 2848 2754 36656 1540 3900 5454 3800 42076 408 573 2704 9488 23998 8118 5696 1381 1581 4804 16140 8156 8995 152818 3502 17998 5579 5091 5645 15835 1505 7622 4257 1142 1881 3406 7565 3216 13008 41392 14170 27446 26155 2023 20340 20021 20410 41519 3144 9347 3227 3838 6583 168366 1707 425 249688 1138 3917 5905 6279 3905 20179 19679 17710 4243 8242 16634 905 9414 961 4399 30243 1894 1469 603 8451 16871 5466 66876 2703 14096 29705
internal_value=5.06226e-06 -0.00918137 -0.153942 0.0828496 2.12175 -0.135466 -0.645397 0.0695489 0.0333628 0.221103 0.380893 0.546637 0.0173765 -0.111761 1.32437 -1.73995 0.015883 0.470181 0.763072 -0.896375 0.0192721 0.240612 -0.299859 -0.420565 0.423094 0.192253 0.0795816 -0.0634187 0.00172369 0.129587 -0.020626 -0.00935682 0.000333582 -0.00895987 -0.503782 -0.0335399 0.0801184 0.247626 -0.496538 0.928589 -0.0893777 0.650367 0.92287 -0.0830057 0.0319023 0.456907 -0.0150876 0.523356 -0.467113 0.345848 -0.0887663 -0.0682347 0.0659483 0.0396609 -0.109427 -0.0764974 -0.107598 -0.217946 -0.0828268 -0.0801666 -0.207503 -0.592195 -0.0534017 -0.457415 -0.336633 0.0414511 0.834324 2.69573 -0.0428289 0.0948361 0.188274 0.523485 0.00644398 0.552046 -0.355735 0.152704 0.256088 -0.102467 -1.14373 0.441445 0.521004 0.0230423 -0.138566 -0.00519247 0.0448496 -0.65509 0.0578452 -0.598524 -0.390538 0.118787 0.0488476 0.0335199 0.342745 0.0248486 -0.24615
internal_weight=1.48387e+06 1.47748e+06 574234 903245 6394 567625 25212 893674 721425 172249 80900 51220 695958 542413 9571 6609 695673 25467 31797 19378 693859 50967 5682 36655 24999 19423 91349 49353 642892 95652 547240 534770 521515 512413 12470 444788 93846 41996 33896 8891 505758 27897 6723 499510 88057 8764 79293 9102 33323 23459 256149 236558 55562 86439 180996 154841 411453 75426 336027 335416 58253 12491 277163 7065 19591 188639 17542 1806 270098 29680 5834 9935 77412 7407 25758 67625 37389 45762 13696 20243 17539 177780 55405 24739 38361 10889 28542 6248 13255 58993 42122 73155 10859 30236 30666
internal_count=1483873 1477479 574234 903245 6394 567625 25212 893674 721425 172249 80900 51220 695958 542413 9571 6609 695673 25467 31797 19378 693859 50967 5682 36655 24999 19423 91349 49353 642892 95652 547240 534770 521515 512413 12470 444788 93846 41996 33896 8891 505758 27897 6723 499510 88057 8764 79293 9102 33323 23459 256149 236558 55562 86439 180996 154841 411453 75426 336027 335416 58253 12491 277163 7065 19591 188639 17542 1806 270098 29680 5834 9935 77412 7407 25758 67625 37389 45762 13696 20243 17539 177780 55405 24739 38361 10889 28542 6248 13255 58993 42122 73155 10859 30236 30666
is_linear=0
shrinkage=0.05


Tree=2
num_leaves=96
num_cat=0
split_feature=42 40 18 8 16 37 9 31 0 34 38 5 5 37 4 39 34 1 11 37 16 35 1 6 5 40 5 11 31 35 31 42 6 42 0 32 31 40 39 37 32 6 38 6 31 3 32 29 32 18 42 30 3 2 34 16 4 7 5 9 33 33 29 30 3 30 39 33 5 39 42 18 33 40 18 31 5 30 37 39 18 29 29 5 4 4 38 42 11 34 39 7 34 0 30
split_gain=1.04249e+07 7.11338e+06 6.32675e+06 5.43929e+06 2.89272e+06 2.51614e+06 2.48831e+06 1.99886e+06 4.77088e+06 1.86115e+06 1.53547e+06 1.49312e+06 1.43331e+06 2.41775e+06 1.35804e+06 1.15708e+06 1.11243e+06 1.10237e+06 1.03116e+06 1.00541e+06 989952 961093 936725 934219 927408 874527 809481 933367 836074 963240 797373 764244 740071 724909 865729 604220 598959 596341 804403 594236 584150 578936 571247 621007 675030 526918 621882 730679 528790 509197 479556 431595 419976 396499 393104 397876 378530 377430 923531 415844 529952 376006 397550 360142 350132 347989 507897 367784 349582 340575 327970 323757 307214 304931 304546 304233 303096 355900 295486 293339 315240 290739 301716 295028 285465 284845 283555 282978 276964 272644 264331 315975 256916 253431 250936
threshold=353.64999389648443 -0.010668246075510977 29.605000495910648 60.330732345581062 3216.7521972656255 13.757629394531252 33.480539321899421 0.51721715927124035 -26.644992828369137 8.3537793159484881 2171.5000000000005 23.072167396545414 -18.889245986938473 16.214025497436527 77.98425674438478 9064.5000000000018 7.6138904094696054 -13.001132965087889 753.52545166015636 11.44769334793091 2464.619506835938 3.3618535995483403 35.987577438354499 -18.068847656249996 -24.85461330413818 -0.011859001591801642 5.6100904941558847 1110.722595214844 0.94079163670539867 3.1491795778274541 2.9993628263473515 868.24499511718761 -42.441406249999993 484.49499511718756 21.515323638916019 3.2145171165466313 7.8149542808532724 0.045295767486095435 6310.5000000000009 14.987976074218752 7.5203771591186532 65.835449218750014 1948.0000000000002 5.3198242187500009 0.3620093315839768 0.14519531279802325 2.0023689270019536 12011.434570312502 0.80425372719764721 16.345000267028812 1097.5000000000002 4.4347059726715097 3.6499023437500004 34.281406402587898 4.7680022716522226 2503.678344726563 37.550338745117195 2.8352940082550053 -31.515614509582516 17.892859458923343 17.707963943481449 8.1844201087951678 11183.415039062502 9.7241635322570819 -2.5098438262939449 7.2546749114990243 3880.0000000000005 10.974680900573732 -25.643221855163571 6295.5000000000009 752.12500000000011 -137.495002746582 1.6404734253883364 -0.022802183404564854 76.165000915527358 5.6414387226104745 6.502317190170289 3.9741991758346562 22.840109825134281 4196.0000000000009 89.884998321533217 10891.544921875002 12533.169921875002 14.460464000701906 -101.41503143310545 11.687469482421877 1452.5000000000002 750.20498657226574 1823.1594238281252 6.0996470451354989 5667.5000000000009 12.045846939086916 51.423639297485359 -14.642097949981688 11.863085746765138
decision_type=2 2 2 2 2 2 2 2 2 2 2 2 2 2 2 2 2 2 2 2 2 2 2 2 2 2 2 2 2 2 2 2 2 2 2 2 2 2 2 2 2 2 2 2 2 2 2 2 2 2 2 2 2 2 2 2 2 2 2 2 2 2 2 2 2 2 2 2 2 2 2 2 2 2 2 2 2 2 2 2 2 2 2 2 2 2 2 2 2 2 2 2 2 2 2
left_child=4 2 6 5 -1 11 15 8 -7 18 12 17 13 16 40 22 39 32 21 56 -12 -8 25 -15 -4 41 75 28 -28 31 94 -30 93 34 -19 54 51 38 69 -9 89 42 43 49 -45 61 48 52 -47 57 72 -18 -48 79 55 -21 -13 58 -2 -60 64 81 -63 78 -61 67 -67 68 -34 76 -59 -11 -25 -44 -29 -14 92 -78 -33 -39 -81 83 88 -46 -32 -77 -24 -20 -83 -5 91 -72 -35 -3 -31
right_child=1 3 24 14 -6 7 9 10 -10 71 20 19 26 23 -16 -17 36 33 87 35 -22 -23 86 50 -26 -27 27 74 29 30 84 63 65 37 -36 -37 -38 53 -40 -41 -42 -43 73 44 45 46 47 -49 -50 -51 -52 -53 -54 -55 -56 -57 -58 70 59 60 -62 62 -64 -65 -66 66 -68 -69 -70 -71 90 -73 -74 -75 -76 85 77 -79 -80 80 -82 82 -84 -85 -86 -87 -88 -89 -90 -91 -92 -93 -94 -95 -96
leaf_value=0.72650654600400999 1.3198404093580471 1.9682709593344125 -2.270787209692763 -0.17066126328715142 2.8972238698613526 2.9133746913806347 -0.10138951177427549 0.035862263517356427 0.0078734744590688126 -0.38334991736305651 0.15473997073631029 0.12992787416591339 0.055581993163520006 0.58937739180048954 2.2785434561911733 -0.72123382852521167 1.0413882231199418 0.12764036411336566 -1.8249714061455453 -0.26479048604196598 1.0001792831628489 -0.94555085336321754 -1.1122419683275995 -0.26366366822252063 -0.94340390345861336 -0.9899628026182461 -0.23542657407765177 0.09797109647684546 -0.21480108206023396 1.1363895585948163 -0.43235925958774674 0.30053691463734689 0.7535007620650841 0.0036390062038913723 1.466571316405884 0.16731516602833907 1.2046778944755692 0.10089139378949237 -0.15232639208512455 0.59112739111107948 -0.0061947526024884007 -2.2584680188247583 0.2391451656169804 -1.0856530503764763 -0.42449963146775849 -0.0038149267063462252 0.03986994338765925 -0.23179719841437688 -0.38461515263805984 -1.1612784892476367 -0.60275427961065653 0.38090361657762989 0.41265876278423747 -0.90879681337599794 0.72520886611334889 -0.87463876750152159 -0.45524096458357211 0.0031947454606564246 0.01052718023668406 -0.65052882497684839 0.43599410009486261 0.20273151671353801 -0.24081162380132609 2.2307562809740094 -0.17634052589988145 1.0986543391194183 -0.059252536618855836 -0.12855028291707585 0.24707448808194707 0.44581573956719373 -0.1403313376412488 0.40118222870855424 0.21482920547190865 -0.093962437672880109 -0.56395861060626207 -0.15470775786579696 -0.04163639636848742 0.27624280334806511 -0.25942106012151755 -0.077119412357345471 -0.33766767409665516 -0.24921030921775819 -0.74216602798715414 -1.3226143305003644 0.28723680857333717 0.2060224159950137 -0.4361193437791106 -1.0455086595694529 -1.3396411418268237 1.2237260380879169 -0.027777264345477094 -0.38700790948327679 0.6973475885846474 0.62957280172070051 0.58995283597810366
leaf_weight=2584 1301 731 3692 374 3786 2207 5257 9084 3917 1924 5867 10559 167139 4590 2440 7566 3948 3890 2713 3452 8450 9403 1847 7377 2054 2676 8535 2655 13335 2351 1446 21145 3713 215427 1748 2334 7839 9491 69805 10259 1393 303 20285 1979 2622 14336 37429 22438 25037 1028 5419 6630 9463 1785 471 11923 3740 35186 171341 5572 2653 7771 14426 226 12914 992 19645 5974 41209 5038 32158 4139 6147 10386 5022 34149 13820 24260 2649 23820 22648 45844 3535 1405 28362 6514 9657 2069 587 5432 20173 21774 1340 690 19916
leaf_count=2584 1301 731 3692 374 3786 2207 5257 9084 3917 1924 5867 10559 167139 4590 2440 7566 3948 3890 2713 3452 8450 9403 1847 7377 2054 2676 8535 2655 13335 2351 1446 21145 3713 215427 1748 2334 7839 9491 69805 10259 1393 303 20285 1979 2622 14336 37429 22438 25037 1028 5419 6630 9463 1785 471 11923 3740 35186 171341 5572 2653 7771 14426 226 12914 992 19645 5974 41209 5038 32158 4139 6147 10386 5022 34149 13820 24260 2649 23820 22648 45844 3535 1405 28362 6514 9657 2069 587 5432 20173 21774 1340 690 19916
internal_value=-0.000479151 -0.0091786 -0.146659 0.0783243 2.01743 0.0655799 -0.129989 0.159808 1.05589 -0.612635 0.145695 -0.00911791 0.126277 0.347403 1.25954 -0.107344 0.595297 0.0137273 -0.851123 -0.336885 0.65383 -0.642922 -0.0986767 -0.0503807 -1.79703 -0.088888 0.0830332 0.195725 0.237331 0.282456 0.421432 0.0886984 0.192224 -0.0194027 0.543321 -0.583568 0.873406 -0.0275957 -0.00163427 0.330406 0.913352 -0.0842626 -0.0829867 -0.0960645 -0.167798 -0.157956 -0.0872867 0.00283961 -0.245974 -0.0519824 -0.205467 0.62764 0.115122 -0.175815 -0.694179 -0.737794 -0.0231902 -0.0482083 -0.00630414 -0.0152882 -0.224505 -0.258776 -0.085524 0.257196 -0.319352 0.169748 -0.00344139 0.239967 0.28898 0.0388428 -0.122505 0.152156 -0.046177 0.126348 -0.335089 0.0257412 0.0307924 0.160884 0.238172 -0.152387 -0.204121 -0.329993 -0.297019 -0.738599 0.252289 -0.0969097 -0.544935 -1.48859 -0.263082 1.13386 -0.182187 -0.239938 0.00793694 1.32093 0.647792
internal_weight=1.48464e+06 1.47826e+06 574943 903322 6370 893683 569197 395178 6124 25505 389054 498505 374737 61293 9639 543692 37760 466026 19442 32479 14317 14660 536126 23533 5746 524622 313444 105642 97965 89430 52075 37355 72954 393072 5638 18180 18417 387434 329690 19343 7199 521946 521643 490972 186872 184893 108703 69330 39373 304100 18943 10578 46892 57744 15846 15375 14299 303072 193781 192480 21139 76190 22197 24020 18486 71533 20637 50896 44922 259885 109291 6063 13524 30671 7677 207802 254847 38080 23794 55959 46468 53993 49966 4027 29808 40663 11504 4782 46431 5806 74105 53932 216767 1421 22267
internal_count=1484635 1478265 574943 903322 6370 893683 569197 395178 6124 25505 389054 498505 374737 61293 9639 543692 37760 466026 19442 32479 14317 14660 536126 23533 5746 524622 313444 105642 97965 89430 52075 37355 72954 393072 5638 18180 18417 387434 329690 19343 7199 521946 521643 490972 186872 184893 108703 69330 39373 304100 18943 10578 46892 57744 15846 15375 14299 303072 193781 192480 21139 76190 22197 24020 18486 71533 20637 50896 44922 259885 109291 6063 13524 30671 7677 207802 254847 38080 23794 55959 46468 53993 49966 4027 29808 40663 11504 4782 46431 5806 74105 53932 216767 1421 22267
is_linear=0
shrinkage=0.05


Tree=3
num_leaves=96
num_cat=0
split_feature=38 18 7 8 19 37 37 11 37 1 1 2 38 7 31 5 38 9 11 33 37 6 30 11 5 12 37 12 2 34 38 18 38 38 7 5 2 0 1 31 37 34 33 33 18 1 10 29 1 31 30 18 36 37 12 3 11 23 18 29 2 36 38 15 30 37 31 5 8 31 18 32 1 9 1 34 16 34 3 38 6 10 6 7 2 34 1 18 18 11 15 9 12 37 7
split_gain=5.5374e+06 6.4798e+06 4.63925e+06 5.27408e+06 3.55865e+06 2.19924e+06 2.61956e+06 3.67961e+06 1.67326e+06 1.74944e+06 1.49552e+06 1.36882e+06 1.3062e+06 1.24017e+06 1.10829e+06 1.09966e+06 930471 1.04865e+06 1.20261e+06 915114 1.28313e+06 896482 858261 848735 762220 780037 723470 1.07574e+06 892663 722406 1.00529e+06 720326 719828 686814 659015 649246 597626 553580 895721 1.51068e+06 551039 597928 638810 543909 517167 516296 493562 492658 485102 482634 445653 427683 424528 469864 413096 401912 396902 393429 382888 379379 537469 396061 379302 371660 368019 349073 346258 327204 324524 315015 310148 308296 385303 333738 306346 308869 330157 297830 305219 297585 287579 286081 282411 279951 277032 273176 258323 258178 251534 247665 245474 242506 238873 232830 328553
threshold=1141.5000000000002 -140.23500061035153 122.74952316284181 60.330732345581062 0.0026731601683422927 14.333930015563967 14.526647090911867 479.18028259277349 15.928475379943849 -9.7641797065734846 -9.552304267883299 -54.36353683471679 1883.0000000000002 19.598406791687015 7.1841576099395761 -19.396076202392575 1849.5000000000002 13.022178649902346 274.86325073242193 4.1199848651885995 14.734622478485109 -42.441406249999993 9.7241635322570819 774.74716186523449 20.134235382080082 2704.642456054688 13.42648220062256 490.82147216796881 42.099159240722663 8.8836126327514666 1457.5000000000002 63.145000457763679 1228.0000000000002 2030.5000000000002 -14.346514225006102 -36.948207855224602 6.9528126716613778 7.027412176132203 -18.639472961425778 4.9088244438171396 9.4825801849365252 12.175931453704836 0.55010852217674266 1.2781000733375552 141.56500244140628 -1.0000000180025095e-35 8.6089487075805682 12664.084960937502 -4.9605469703674308 1.4317057728767397 3.0807400941848759 -50.434999465942376 0.19548980891704562 12.016559123992922 235.03421020507815 3.1801953315734868 1688.2595825195315 70.156978607177749 -40.325000762939446 12032.024902343752 2.8903906345367436 0.55594241619110119 1940.0000000000002 3673.5000000000005 20.999105453491214 10.349430084228517 8.6974954605102557 -12.584075927734373 -18.627020835876461 0.44581188261508947 139.77500152587893 2.7050486803054814 22.450956344604496 18.098866462707523 -31.100840568542477 6.3620932102203378 2034.8052978515627 1.1021003127098086 -0.60501953959465016 1420.5000000000002 -19.634277343749996 23.350948333740238 -3.3803710937499996 -1.0000000180025095e-35 -23.68931674957275 18.995078086853031 16.955234527587894 -46.114999771118157 2.0649999380111699 1741.3652343750002 4345.5000000000009 6.7787072658538827 809.49539184570324 18.340476989746097 23.264955520629886
decision_type=2 2 2 2 2 2 2 2 2 2 2 2 2 2 2 2 2 2 2 2 2 2 2 2 2 2 2 2 2 2 2 2 2 2 2 2 2 2 2 2 2 2 2 2 2 2 2 2 2 2 2 2 2 2 2 2 2 10 2 2 2 2 2 2 2 2 2 2 2 2 2 2 2 2 2 2 2 2 2 2 2 2 2 2 2 2 2 2 2 2 2 2 2 2 2
left_child=1 -1 3 4 11 14 7 -7 9 13 55 45 49 22 21 62 17 40 47 -11 -21 70 -8 -12 32 33 28 35 52 43 88 67 36 50 -14 -28 -23 56 39 -39 58 42 89 -10 48 -2 93 57 -40 -5 -26 -3 68 79 -33 -4 69 -19 77 65 61 -61 -16 -24 -52 -18 91 -22 -20 -34 -6 72 -29 -73 -45 86 -77 -13 -79 92 83 -46 -55 -71 -82 -50 -76 -25 -31 -42 -35 -17 -54 94 -32
right_child=2 51 10 12 5 6 8 -9 29 19 23 16 34 -15 15 66 59 18 26 20 31 24 63 87 25 -27 27 71 -30 30 46 54 37 90 -36 -37 -38 38 44 -41 41 -43 -44 74 81 -47 -48 -49 85 -51 64 -53 53 82 -56 -57 -58 -59 -60 60 -62 -63 -64 -65 -66 -67 -68 -69 -70 80 -72 73 -74 -75 75 76 -78 78 -80 -81 84 -83 -84 -85 -86 -87 -88 -89 -90 -91 -92 -93 -94 -95 -96
leaf_value=2.7336190170557733 -0.68859808351073926 0.76225961006239495 1.2189199276857599 0.9840931452739089 0.50813251868467268 2.8841088637497156 0.1913254818809044 0.38656568708593897 -0.13191613783728598 -0.024122629760271679 -0.36884003685606653 0.040709186454262754 2.4005249419435213 1.0853664694180345 0.25729566976536367 0.1361732382319551 0.13253758261968435 -0.26648939932057925 0.35096533915909406 -0.18129787538678746 0.56451539308842669 0.086125307703884157 0.45414838185530293 -1.5052560452072365 -0.58923736419967021 0.11298197988983501 1.5305190340861439 -0.30825647921531907 -1.2195632064029704 -0.27296214827804116 -0.21699551286637273 1.1111117278985403 -0.32757522509445053 -0.56950089591829323 1.259693559324055 0.12149932301510498 1.4063228229126619 0.21052471171943862 0.21904866671859261 -1.8395419032711009 -0.3080838019686179 0.14364843014725279 -0.052685090741006128 0.87105753787420215 -0.21389644452059731 -2.3144017984431526 0.15566276139216084 0.40051412693731053 -0.086012153295936047 -0.21735509335579437 0.13079804406316911 0.093269078928879798 -0.43015243537359515 -0.84820278553842476 0.51097742819741543 -2.2914059491976433 -0.43697966955962991 0.094606724089252844 -0.060952110876729616 -0.10904595505390623 0.38292035552125786 0.2007630598864184 1.2035681477117928 1.1022986945877269 -0.56389207416870246 -0.16529473737245662 0.053459065778315697 0.048790149167531924 -0.23048431575605843 0.3386475276464751 1.8574890445857855 -0.1711920098692612 0.29601350126417664 -0.6648088472535163 0.10623345549995833 0.10592997292432177 0.41775293320507595 -0.57236084652139685 -0.24799487188794728 -0.23777404948271302 0.28642079181649555 -0.87440730520361132 -0.47507957791484068 -0.20373120755408292 0.014013299716683067 0.36418145451755252 -0.45568058789876897 -0.29408803206613165 0.77526936025425863 -0.90756710704978871 -1.1619747799359836 0.58220530704013973 -1.0767885947718263 -0.096892869636913112 -0.63985102433290331
leaf_weight=3845 1104 3713 83 1577 960 2073 16517 5096 17476 37382 6250 4978 1730 9083 1510 5858 14700 13494 2862 11127 4012 1824 4149 3087 5801 9720 863 9827 3084 668 20320 3283 6062 4004 4772 14630 1615 1696 17148 1907 13383 36475 237645 1545 32817 878 11316 6989 92574 1773 7714 6693 6354 7247 22687 2134 4643 17098 24663 22155 15180 19300 3558 4751 2529 29732 30616 13147 14780 13261 767 5508 3603 9060 48214 15478 18803 12015 18312 31593 9688 1723 16955 2897 252832 3494 2133 515 3937 1976 3117 6354 1843 23881 5935
leaf_count=3845 1104 3713 83 1577 960 2073 16517 5096 17476 37382 6250 4978 1730 9083 1510 5858 14700 13494 2862 11127 4012 1824 4149 3087 5801 9720 863 9827 3084 668 20320 3283 6062 4004 4772 14630 1615 1696 17148 1907 13383 36475 237645 1545 32817 878 11316 6989 92574 1773 7714 6693 6354 7247 22687 2134 4643 17098 24663 22155 15180 19300 3558 4751 2529 29732 30616 13147 14780 13261 767 5508 3603 9060 48214 15478 18803 12015 18312 31593 9688 1723 16955 2897 252832 3494 2133 515 3937 1976 3117 6354 1843 23881 5935
internal_value=-0.000250997 0.980501 -0.00976152 -0.00167832 -0.00952404 0.0581408 0.165463 1.10966 0.142572 0.280495 -0.985905 -0.100326 1.15109 0.583958 -0.00360395 0.225709 -0.0961034 -0.123313 -0.226873 0.166232 0.297379 -0.0265446 0.404668 -0.721455 -0.0306644 -0.262928 -0.29978 -0.133996 -0.384879 0.0400535 -0.0891656 0.420878 -0.0134671 -0.420653 1.5642 0.200267 0.706794 -0.0190919 -0.0965728 -0.875164 -0.0741792 -0.0456007 -0.0728857 0.122407 -0.0775696 -1.41122 -0.142571 0.0218566 -0.0258993 0.348596 -0.239194 0.332125 -0.353302 -0.41317 0.586963 -2.15852 0.0214344 -0.0646817 -0.212125 0.0426104 0.128411 0.0351943 0.921948 0.800399 -0.0408358 -0.0667568 0.143262 0.169451 -0.136114 0.0289138 1.1096 -0.318965 -0.146113 -0.478252 0.173987 0.16123 0.276985 -0.317715 -0.376547 -0.307465 0.0366719 -0.246919 -0.586898 0.241383 0.0240694 -0.0696277 0.0824016 -1.33248 0.623134 -0.385372 -0.829219 0.368333 -0.575882 -0.209889 -0.312645
internal_weight=1.48416e+06 14251 1.46991e+06 1.45784e+06 1.44799e+06 829702 303013 7169 295844 126138 12069 618286 9852 34500 526689 47896 616304 515237 165790 91638 54256 478793 25417 9852 477066 32885 128209 43491 84718 169706 66057 43129 444181 23165 6502 15493 3439 440742 151359 3603 349447 289479 253004 103649 147756 1982 61452 37581 113216 3350 16044 10406 81634 63992 25970 2217 289383 30592 59968 101067 56635 41455 5068 8900 10243 44432 42828 17159 17642 284740 1727 27998 13430 14568 86173 84628 34281 35305 30327 39790 278678 34540 24202 16158 262520 96068 50347 3602 4605 15359 7121 12212 8197 50136 26255
internal_count=1484160 14251 1469909 1457840 1447988 829702 303013 7169 295844 126138 12069 618286 9852 34500 526689 47896 616304 515237 165790 91638 54256 478793 25417 9852 477066 32885 128209 43491 84718 169706 66057 43129 444181 23165 6502 15493 3439 440742 151359 3603 349447 289479 253004 103649 147756 1982 61452 37581 113216 3350 16044 10406 81634 63992 25970 2217 289383 30592 59968 101067 56635 41455 5068 8900 10243 44432 42828 17159 17642 284740 1727 27998 13430 14568 86173 84628 34281 35305 30327 39790 278678 34540 24202 16158 262520 96068 50347 3602 4605 15359 7121 12212 8197 50136 26255
is_linear=0
shrinkage=0.05


Tree=4
num_leaves=96
num_cat=0
split_feature=42 40 18 8 12 37 9 31 0 0 37 38 37 17 4 39 0 39 33 9 30 41 31 8 6 1 40 42 10 41 16 41 4 38 10 38 8 41 32 40 29 9 37 1 29 40 36 30 37 41 32 11 40 41 11 18 39 31 17 29 11 10 40 41 11 33 41 33 3 9 40 30 33 42 18 12 3 30 33 39 16 33 31 6 41 32 29 35 40 3 12 17 36 8 16
split_gain=8.56048e+06 5.8368e+06 5.15552e+06 4.47975e+06 2.33144e+06 2.05329e+06 2.0053e+06 1.64379e+06 3.95089e+06 1.46356e+06 1.28112e+06 1.677e+06 1.87721e+06 1.18406e+06 1.09788e+06 1.08252e+06 1.05631e+06 1.02882e+06 1.0193e+06 1.0311e+06 977584 925128 915089 850699 828408 797582 765944 714004 624602 605048 596526 558622 571951 543935 749052 540513 546277 554557 982893 525914 516861 507523 500613 498987 631817 619784 489093 574565 516373 496980 460543 449055 439712 436456 440831 432289 416842 412368 410113 406984 388607 379164 385611 358161 350764 350519 347698 346903 315527 313337 310696 308665 300612 299803 293896 292634 284205 285454 303481 281515 324962 279334 438738 275926 263498 294068 259289 254789 250163 246049 236324 235237 234841 225461 223691
threshold=353.64999389648443 -0.010668246075510977 25.115000724792484 60.330732345581062 1236.4195556640627 13.757629394531252 33.480539321899421 0.51721715927124035 -26.644992828369137 3.7903611660003667 16.077447891235355 1988.5000000000002 14.784396171569826 0.28230658173561102 77.98425674438478 6310.5000000000009 4.8815908432006845 9064.5000000000018 4.162795066833497 13.022178649902346 11.16567373275757 0.020412773825228218 0.77366590499877941 -41.367136001586907 -42.441406249999993 35.987577438354499 -0.011859001591801642 1160.2500000000002 -24.831468582153317 0.029891829006373886 4022.2255859375005 0.033552516251802451 37.550338745117195 1295.0000000000002 7.8347511291503915 1849.5000000000002 9.7318720817565936 0.013110796455293896 0.89194133877754223 0.029402782209217552 11461.174804687502 13.375143527984621 12.775130748748781 -12.50595712661743 11184.100097656252 0.043986797332763679 0.02363421302288771 15.938513278961183 24.264544486999515 -0.034339509904384606 7.5203771591186532 899.57409667968761 0.037166960537433631 -0.040897667407989495 1766.9082031250002 107.47500228881837 6125.5000000000009 4.3038976192474374 0.65293881297111522 11229.610351562502 227.3513107299805 -8.5284385681152326 0.043201418593525893 -0.035480489954352372 418.41230773925787 2.4718058109283452 -1.0000000180025095e-35 7.9255023002624521 -1.2099609374999998 7.7361149787902841 -0.020519251003861424 2.3153495788574223 3.1868096590042119 886.61999511718761 10.204999923706056 471.42726135253912 -5.1948046684265128 7.6422991752624521 20.680439949035648 5502.5000000000009 3477.9853515625005 4.1878619194030771 8.6974954605102557 -15.261230468749998 0.0092829982750117796 3.0356873273849492 12534.375000000002 2.9539235830307011 0.03281668387353421 5.1852538585662851 375.45800781250006 0.31433598697185522 0.52029332518577587 -29.93828201293945 4891.1486816406259
decision_type=2 2 2 2 2 2 2 2 2 2 2 2 2 2 2 2 2 2 2 2 2 2 2 2 2 2 2 2 2 2 2 2 2 2 2 2 2 2 2 2 2 2 2 2 2 2 2 2 2 2 2 2 2 2 2 2 2 2 2 2 2 2 2 2 2 2 2 2 2 2 2 2 2 2 2 2 2 2 2 2 2 2 2 2 2 2 2 2 2 2 2 2 2 2 2
left_child=4 2 6 5 -1 15 17 8 93 22 11 12 61 -13 50 21 -4 25 20 -20 52 23 -8 64 -25 26 29 46 -17 35 -22 32 -31 34 -26 36 37 53 58 -21 -41 -40 -24 44 60 76 -12 49 75 69 -5 87 -14 74 79 -47 71 70 -39 -30 -35 72 63 -63 -3 -33 -37 -23 -61 -48 83 -51 -9 -56 -2 -49 -45 84 88 80 -55 -82 -83 -38 -78 -86 -27 -11 -79 -85 -28 -69 -81 -7 -29
right_child=1 3 16 14 -6 7 9 10 -10 51 27 13 18 -15 -16 28 -18 -19 19 39 30 67 42 24 33 86 90 94 59 31 -32 65 -34 43 -36 66 57 38 41 40 -42 -43 -44 45 -46 55 47 48 -50 56 -52 -53 -54 54 73 -57 -58 -59 -60 68 -62 62 -64 -65 -66 -67 -68 91 -70 -71 -72 -73 -74 -75 -76 -77 77 78 -80 92 81 82 -84 89 85 -87 -88 -89 -90 -91 -92 -93 -94 -95 -96
leaf_value=0.66644880575175525 -0.26308439330512096 -0.76443014451611035 -0.759690752204356 1.0268231611720511 2.6166706983773746 2.9870974888475508 -2.4005318721173743 -0.85530247188031783 -0.00095512871944234713 -0.2493442912675867 -0.41880347644787119 0.031218629914572745 0.16306944365428933 0.91933608806715439 2.0625595101650309 -1.238781411386074 -2.0295130787049653 -0.67048285782379891 0.23838996082241409 0.37395347412316088 0.33706004300732911 0.095388803628614752 -0.49066497809085424 1.2037654318752817 0.14981215200333878 -0.44218262960496557 -1.2097876351521091 -0.49652413840058129 -0.067514084266953017 0.26550560087106329 1.1286167528293556 -0.32714684896374324 1.4600404326576326 -0.29403736353452375 1.3164971585389389 -0.055746166972224502 -0.97159128789548255 -0.56111167975808962 -0.035514416924323985 1.0695352792146489 0.53824785625845983 -0.39840408397476323 0.25211761221274587 0.44148496902153433 0.025237096479189258 -0.06725023040567972 -0.068493431464644969 0.27546102866901689 -0.29352417118694757 0.12830414306501128 0.01237214739876564 -1.4245004557605696 -0.18796124042383577 -0.012418861947890278 -0.054485574645461304 -0.34692394234190832 0.19700774714378405 -0.43150708520263753 -1.4814443767506589 -0.58066242326843942 0.48641582448036264 0.34492617136080167 0.24196221584964875 -0.05766911894584395 0.19365229000782563 0.035610207911527518 0.17261498113989204 0.13648046844118139 -0.20546914379287148 0.39728085031848936 -0.88316043845884673 -0.093630807420895343 -0.15105347685280771 -0.82281389529313376 -1.5023660407540282 0.70174834687760668 -0.015983428215953607 0.22385180150852924 -0.11173868375994854 -0.21874571164642964 0.0097414660648469306 0.55624723363221606 -0.20787490959332044 -0.15204418998068767 -0.37398152101725823 0.035957214417034637 -1.4971237795074266 -0.84680596778609463 -0.083067281542699378 1.2208198190207888 -0.13857646648200569 0.44075987705056652 -0.03314499371322218 1.9194839590036186 0.29698615360772934
leaf_weight=2574 16357 5045 2799 5855 3794 1474 412 1768 3955 2199 5265 5227 22930 13307 2425 1327 3963 7673 25425 9422 9664 31743 3463 1436 6145 10927 1945 7813 57600 7719 3157 7320 1149 1801 1770 46750 1023 3486 27606 10283 8270 14798 6562 3614 43074 33248 4927 15464 3219 19569 1383 2960 14598 104744 2239 23641 20811 19901 1857 7210 13821 6154 19045 53760 1177 73457 25901 9672 25147 13505 1506 78515 10510 2931 490 5444 139607 32542 13555 26663 9524 8243 2431 66913 11405 7095 613 9535 8339 325 701 18521 47234 782 1000
leaf_count=2574 16357 5045 2799 5855 3794 1474 412 1768 3955 2199 5265 5227 22930 13307 2425 1327 3963 7673 25425 9422 9664 31743 3463 1436 6145 10927 1945 7813 57600 7719 3157 7320 1149 1801 1770 46750 1023 3486 27606 10283 8270 14798 6562 3614 43074 33248 4927 15464 3219 19569 1383 2960 14598 104744 2239 23641 20811 19901 1857 7210 13821 6154 19045 53760 1177 73457 25901 9672 25147 13505 1506 78515 10510 2931 490 5444 139607 32542 13555 26663 9524 8243 2431 66913 11405 7095 613 9535 8339 325 701 18521 47234 782 1000
internal_value=0.00019663 -0.00768794 -0.13232 0.0715392 1.82906 0.0599607 -0.115964 0.14507 0.951876 -0.552574 0.132183 0.214448 0.17124 0.668913 1.14217 -0.00751874 -1.50446 -0.0957325 0.316722 0.468896 0.155307 0.027364 -0.099781 -0.00394224 0.00662898 -0.0874819 -0.0784115 0.0321122 -0.163139 -0.0740956 0.532189 0.0440884 0.42072 0.00155714 0.411114 -0.0986816 -0.123898 -0.0882239 -0.242733 0.678343 0.832839 -0.162174 -0.00453632 -0.00821805 0.124038 -0.0366499 0.0553003 0.0707682 0.295783 0.0312297 0.833073 -0.874103 0.026518 -0.0548176 -0.0346167 -0.183485 -0.00622391 -0.230755 -0.881633 -0.147231 0.396401 0.00580196 0.0459986 -0.0163017 -0.583186 0.00272626 0.0256712 0.208767 -0.289118 0.272785 -0.173474 -0.0493494 -0.252648 -0.490295 -0.29939 0.386542 0.00199667 -0.00548234 0.0932668 -0.0227614 0.0229926 0.206606 0.382209 -0.157779 -0.0394827 -0.216784 -0.498595 -0.734932 0.161244 -0.145354 -0.926473 0.336398 -0.100118 2.62007 -0.406415
internal_weight=1.48415e+06 1.47778e+06 574319 903461 6368 893798 567557 395263 6211 25131 389052 213520 194986 18534 9663 498535 6762 542426 103749 53400 50349 407251 10437 347315 341093 534753 523213 175532 91284 520567 12821 89645 8868 339657 7915 430922 358271 268603 47747 27975 18553 42404 10025 331742 58696 273046 166719 161454 24127 137327 7238 14694 37528 220856 204009 56889 118895 89668 5343 89957 15622 91237 78959 59914 6222 80777 72651 59936 32357 18432 69767 98084 12278 5170 16847 20908 216157 212543 54436 198839 124942 20198 10674 68261 158107 18500 11540 11734 40881 67238 2646 28193 73897 2256 8813
internal_count=1484148 1477780 574319 903461 6368 893798 567557 395263 6211 25131 389052 213520 194986 18534 9663 498535 6762 542426 103749 53400 50349 407251 10437 347315 341093 534753 523213 175532 91284 520567 12821 89645 8868 339657 7915 430922 358271 268603 47747 27975 18553 42404 10025 331742 58696 273046 166719 161454 24127 137327 7238 14694 37528 220856 204009 56889 118895 89668 5343 89957 15622 91237 78959 59914 6222 80777 72651 59936 32357 18432 69767 98084 12278 5170 16847 20908 216157 212543 54436 198839 124942 20198 10674 68261 158107 18500 11540 11734 40881 67238 2646 28193 73897 2256 8813
is_linear=0
shrinkage=0.05


Tree=5
num_leaves=96
num_cat=0
split_feature=42 40 18 8 12 9 37 31 0 34 37 34 38 15 7 37 39 0 39 35 0 40 34 38 17 32 30 7 8 40 10 10 29 38 3 2 42 7 40 2 10 11 3 39 10 2 38 10 29 7 42 29 8 9 29 30 31 18 40 2 10 10 39 32 9 31 30 37 37 8 18 11 11 42 35 18 39 18 2 15 4 37 32 18 7 40 38 2 11 38 10 8 32 0 42
split_gain=7.69481e+06 5.28594e+06 4.57298e+06 3.98229e+06 2.11272e+06 1.84556e+06 1.84243e+06 1.52263e+06 3.5802e+06 1.48156e+06 1.15541e+06 1.54695e+06 1.62098e+06 1.3481e+06 1.01977e+06 1.01575e+06 975156 973734 926621 759594 762808 663268 661492 1.07141e+06 621719 619957 635726 612375 695921 598204 577335 553308 511040 485751 552206 811024 517586 589379 481680 435159 427998 385499 384013 380027 371846 366241 365026 681464 350131 350100 366919 343844 376016 400884 345658 385072 349494 338959 329021 301850 288372 281813 274092 270869 302474 269120 564481 373745 471469 751991 412329 362609 298143 297241 294238 346419 313087 281430 278434 313192 275483 267325 265320 260904 257750 257745 254019 253642 250266 241902 243587 239500 239453 235017 234431
threshold=353.64999389648443 -0.010668246075510977 22.98499965667725 60.330732345581062 809.49539184570324 33.480539321899421 13.757629394531252 0.51721715927124035 -26.644992828369137 8.3537793159484881 16.077447891235355 13.438017368316652 1988.5000000000002 2493.5000000000005 -6.5795946121215811 14.784396171569826 6310.5000000000009 4.8815908432006845 9064.5000000000018 3.3618535995483403 -38.340248107910149 -0.011859001591801642 9.4416122436523455 1457.5000000000002 0.23916833102703097 1.3046403527259829 9.7241635322570819 -128.26146697998044 -50.913688659667962 0.047770353034138686 -9.0953478813171369 -24.831468582153317 10996.350097656252 1948.0000000000002 -1.8299609422683714 -30.829004287719723 607.50000000000011 -2.1722648143768306 0.037166960537433631 -23.68931674957275 6.64233422279358 1766.9082031250002 5.1852538585662851 8123.0000000000009 7.0393707752227792 14.739277362823488 1295.0000000000002 7.8347511291503915 12805.245117187502 10.455399990081789 902.00000000000011 12736.959960937502 -41.367136001586907 10.565799713134767 10965.399902343752 1.8880084753036501 2.3279013633728032 113.03499984741212 0.043201418593525893 32.067363739013679 -1.7486228346824644 -9.6855735778808576 6295.5000000000009 0.9894341528415681 18.098866462707523 5.3396892547607431 2.341295719146729 12.100013732910158 13.947777748107912 27.261562347412113 9.2150001525878924 796.63873291015636 279.33319091796881 641.95498657226574 1.6547275185585024 -58.01499938964843 5471.0000000000009 -111.81499862670897 -4.7500391006469718 2856.5000000000005 -50.021024703979485 14.027342319488527 4.4297969341278085 78.475002288818374 13.006236076354982 -0.039795149117708199 1474.0000000000002 -1.0000000180025095e-35 899.57409667968761 2036.0000000000002 3.8816733360290532 9.7318720817565936 8.8392004966735858 -15.82621383666992 599.30999755859386
decision_type=2 2 2 2 2 2 2 2 2 2 2 2 2 2 2 2 2 2 2 2 2 2 2 2 2 2 2 2 2 2 2 2 2 2 2 2 2 2 2 2 2 2 2 2 2 2 2 2 2 2 2 2 2 2 2 2 2 2 2 2 2 2 2 2 2 2 2 2 2 2 2 2 2 2 2 2 2 2 2 2 2 2 2 2 2 2 2 2 2 2 2 2 2 2 2
left_child=4 2 5 6 -1 18 16 8 -8 19 11 12 15 -13 -5 58 27 -4 21 20 -7 33 42 -24 -14 44 38 87 -29 46 -31 -18 -16 34 35 -2 37 -36 -27 -28 -25 65 89 -33 -17 -32 47 -30 51 50 63 52 -48 62 55 -55 -56 -15 81 -52 -11 -60 94 -37 -65 67 -67 71 69 70 74 72 -38 78 -69 76 -76 -68 79 -74 -70 -9 -43 -50 -73 -82 -75 -3 -21 90 91 -12 -42 -83 -54
right_child=1 3 17 14 -6 9 7 10 -10 60 22 13 24 57 32 25 31 -19 -20 88 -22 -23 23 40 -26 26 39 28 29 30 45 43 -34 -35 36 49 41 -39 -40 -41 92 82 -44 -45 -46 -47 48 -49 83 -51 59 -53 53 54 56 -57 -58 -59 61 -61 -62 -63 -64 64 -66 66 77 68 80 -71 -72 84 73 86 75 -77 -78 -79 -80 -81 85 93 -84 -85 -86 -87 -88 -89 -90 -91 -92 -93 -94 -95 -96
leaf_value=0.61908291794490977 -1.1685562979379436 0.51417724545225918 -0.70864361920416408 2.1052178178318726 2.4735368777553006 -2.096296426020563 2.4931487349876988 0.066600733208811491 -0.0011767796270525635 0.41501283969206038 0.064389967273786056 0.17438625169774336 0.065681334189113344 0.64815207394633167 1.0817845071944514 0.34028711101338194 -1.1733942119752243 -1.9195062626652568 -0.63626222690668444 -0.82974898973109712 -0.073335878613083355 -0.87583234688112488 0.69189543903915884 -0.22896376884251005 1.0420415170034432 0.16964449775251991 0.77518227303702381 -0.61637996797004257 0.1432210453160325 0.39687795915161095 -0.10063833978571 -0.21373786826887936 0.1758264349902243 0.11433148940177235 -1.3078585608449054 -0.49482685849426239 -0.014418949684032926 -0.24183827844770356 -0.1784227403843853 0.25800195020908434 -0.062719165041992542 -0.78286727267516798 0.55232618190328664 0.0034919974749789682 0.81604465987718999 -0.48303426962479828 -0.80001569099299263 1.2547556253015326 0.0077684523335428569 -0.32236935768625052 0.071057003445030562 -0.15843930355986857 -0.21730284602239794 -0.75694943974740381 0.021387040712446209 0.44749006511226136 0.21546004546365036 1.1108498807796534 -0.3045072740971298 -0.64713345208080475 -0.33374470820994961 0.22838941539111857 0.38209574059351448 -0.078029770892701467 -0.42173357665571287 0.10919134647282974 -0.41548772592625655 -0.050534817741981347 0.42876277725983619 1.3808797855344925 -1.2536691733323946 0.021149167155382217 0.054512061995164424 0.086265505873878795 0.40942921400406934 0.040087579714981392 -0.012374739560709148 -0.14714637258162375 -0.26403413433281447 -1.1391986520989721 -0.23403096645487489 -0.82679901383068943 -0.19771129376825311 0.57504349496062035 0.44298592443815804 -0.017539987687687091 -0.16789196948572149 1.8569889495455341 -1.3513817277093445 0.48698300582235243 0.1947880766318961 -0.17257920927964812 0.3479584719633812 -0.12032073799503154 0.018203088518140634
leaf_weight=2567 2091 902 2865 1943 3830 509 2272 24990 3913 3917 61360 13929 2149 9336 5421 13447 1311 3963 7682 10680 5189 2624 4036 44570 6760 31645 5460 4215 6124 5401 60489 59197 2185 30504 1400 6760 52472 17141 14488 15943 10844 2735 4585 30509 5916 6982 1278 1777 3235 28578 25518 20218 11278 700 55618 11936 39795 6897 2840 1549 1911 19494 4904 29976 8137 16931 13990 18207 2931 1179 548 16019 746 11771 19296 21660 5698 32404 10277 2080 17546 1211 6634 5425 4676 63484 59599 577 2943 3615 28672 12902 5273 38939 166952
leaf_count=2567 2091 902 2865 1943 3830 509 2272 24990 3913 3917 61360 13929 2149 9336 5421 13447 1311 3963 7682 10680 5189 2624 4036 44570 6760 31645 5460 4215 6124 5401 60489 59197 2185 30504 1400 6760 52472 17141 14488 15943 10844 2735 4585 30509 5916 6982 1278 1777 3235 28578 25518 20218 11278 700 55618 11936 39795 6897 2840 1549 1911 19494 4904 29976 8137 16931 13990 18207 2931 1179 548 16019 746 11771 19296 21660 5698 32404 10277 2080 17546 1211 6634 5425 4676 63484 59599 577 2943 3615 28672 12902 5273 38939 166952
internal_value=3.7642e-05 -0.00745002 -0.125993 0.0679393 1.73002 -0.110527 0.0570926 0.137691 0.915854 -0.529238 0.125321 0.203507 0.148897 0.535306 1.08344 0.115279 -0.0068095 -1.41197 -0.0911259 -0.739984 -0.255055 -0.0832972 0.0304221 -0.0966462 0.806629 0.236351 0.164828 0.0262177 0.0225172 0.0292188 -0.100406 -0.154785 0.821699 -0.0793872 -0.0911583 -0.194618 -0.0645789 -0.32253 0.06033 0.390027 -0.14912 -0.0520196 0.104426 -0.13986 0.48575 -0.140229 0.0579098 0.393596 0.0496524 -0.174324 -0.115502 0.0409647 0.0547511 0.0585109 0.134888 0.380603 0.102336 0.84491 -0.00500152 0.0298889 0.16945 0.160594 0.013447 -0.203197 -0.151437 -0.0440299 -0.137908 -0.0247391 0.031604 0.130958 0.108366 -0.0785474 -0.108027 -0.16617 0.119931 0.186455 0.313279 -0.228086 -0.385044 -0.824362 -0.0471938 -0.0617827 -0.368726 0.363211 0.116513 -0.0644253 -0.125972 1.04075 -0.942711 0.0851367 0.0710102 0.0232145 0.0716819 -0.14169 0.00329737
internal_weight=1.48508e+06 1.47868e+06 574820 903858 6397 567992 894309 395486 6185 25149 389301 213444 183282 30162 9549 174373 498823 6828 542843 19321 5698 535161 175857 64723 8909 86899 67536 407806 406327 402112 72872 91017 7606 532537 502033 102609 399424 18541 46133 21403 60687 380883 111134 89706 19363 67471 329240 7901 321339 100518 71940 312679 292461 291183 108049 12636 95413 16233 87474 27067 5828 22334 183134 44873 38113 371514 63325 308189 150549 66588 65409 157640 136945 84473 64861 46654 24994 46394 13103 2826 83961 65140 9369 8660 20695 81030 71370 1479 13623 106549 102934 74262 16117 40150 178230
internal_count=1485075 1478678 574820 903858 6397 567992 894309 395486 6185 25149 389301 213444 183282 30162 9549 174373 498823 6828 542843 19321 5698 535161 175857 64723 8909 86899 67536 407806 406327 402112 72872 91017 7606 532537 502033 102609 399424 18541 46133 21403 60687 380883 111134 89706 19363 67471 329240 7901 321339 100518 71940 312679 292461 291183 108049 12636 95413 16233 87474 27067 5828 22334 183134 44873 38113 371514 63325 308189 150549 66588 65409 157640 136945 84473 64861 46654 24994 46394 13103 2826 83961 65140 9369 8660 20695 81030 71370 1479 13623 106549 102934 74262 16117 40150 178230
is_linear=0
shrinkage=0.05


Tree=6
num_leaves=96
num_cat=0
split_feature=42 40 18 0 18 9 37 31 13 34 37 5 36 13 5 7 13 36 3 13 34 37 34 6 15 42 5 41 15 31 40 29 39 31 31 37 13 40 41 41 10 38 38 7 34 33 37 37 39 5 6 3 10 30 7 18 40 31 39 39 38 32 29 31 33 38 0 1 41 42 31 31 33 3 31 3 3 15 34 1 10 5 3 30 26 18 33 17 0 9 40 9 26 18 6
split_gain=6.78845e+06 4.76462e+06 4.21502e+06 3.46957e+06 1.91608e+06 1.69754e+06 1.64878e+06 1.34538e+06 3.21112e+06 1.29367e+06 1.04234e+06 1.68441e+06 1.21363e+06 1.03116e+06 1.02065e+06 940790 898172 871315 834892 818696 745121 711302 668987 630695 628787 596666 590185 588808 601465 559171 541257 525251 503707 487177 472641 466636 458174 439720 438003 494829 486045 482003 465719 424096 419716 404416 448981 485683 412939 400733 422240 443097 381239 378352 378300 374453 373313 357745 346913 346673 343972 328620 327091 326782 326476 318122 316059 292338 286727 340263 284184 282744 272815 263546 256191 241126 238135 235845 234368 232127 231644 224556 223045 216457 213029 211210 205213 205153 200808 198296 198077 214931 195800 189967 187242
threshold=353.64999389648443 -0.010668246075510977 29.605000495910648 59.865320205688484 -145.57500457763669 33.480539321899421 13.757629394531252 0.51721715927124035 4.7197000980377206 8.3537793159484881 16.077447891235355 -18.469038963317868 0.37478725612163549 11.938191890716555 23.072167396545414 -5.5784268379211417 9.3992719650268572 0.24623458087444308 0.89962890744209301 5.9630954265594491 3.6024255752563481 11.44769334793091 11.600301742553713 -42.441406249999993 5208.5000000000009 1160.2500000000002 -24.85461330413818 0.0086540076881647127 1977.5000000000002 4.2311358451843271 0.025160322897136215 10996.350097656252 6641.5000000000009 1.8508620262145998 1.8866134285926821 14.987976074218752 11.291760444641115 0.027238593436777595 0.029891829006373886 0.033552516251802451 15.114087104797365 1948.0000000000002 1344.5000000000002 -2.5380461215972896 4.7680022716522226 4.1228418350219735 20.554669380187992 19.655953407287601 5799.5000000000009 -21.09148025512695 5.1420898437500009 0.32027344405651098 -24.831468582153317 2.6514476537704472 4.9630095958709726 11.215000152587892 -0.011859001591801642 0.50421869754791271 3547.5000000000005 6310.5000000000009 1841.5000000000002 3.6202446222305302 10908.850097656252 0.47064766287803655 13.973191738128664 1656.0000000000002 -3.1318439245223995 -2.8025585412979122 0.017621191218495372 978.80499267578136 5.3396892547607431 3.4174718856811528 1.9299811124801638 3.4651757478713994 1.7167637944221499 -5.1948046684265128 -0.16970703005790708 2493.5000000000005 5.6595904827117929 -15.099960803985594 -1.7486228346824644 -36.948207855224602 2.0549803972244267 3.0807400941848759 91.51160049438478 -70.645000457763658 53.917615890502937 0.96051105856895458 4.4131340980529794 7.7361149787902841 -0.051056273281574242 13.611914634704592 117.38608551025392 141.56500244140628 6.8012695312500009
decision_type=2 2 2 2 2 2 2 2 2 2 2 2 2 2 2 2 2 2 2 2 2 2 2 2 2 2 2 2 2 2 2 2 2 2 2 2 2 2 2 2 2 2 2 2 2 2 2 2 2 2 2 2 2 2 2 2 2 2 2 2 2 2 2 2 2 2 2 2 2 2 2 2 2 2 2 2 2 2 2 2 2 2 2 2 2 2 2 2 2 2 2 2 2 2 2
left_child=4 2 5 6 -1 13 14 8 -8 17 11 18 16 38 19 -5 27 85 22 59 53 83 35 -21 33 36 -4 28 -13 -19 92 -17 76 37 -35 -9 45 -25 40 43 41 49 -42 -40 54 58 47 48 82 55 86 57 -22 -15 77 -2 72 -52 -12 63 -39 62 -59 -3 93 -26 -50 -54 88 -70 71 78 -41 -73 -32 -37 94 -23 -53 -60 -11 -65 -47 -16 -63 -7 -51 -27 -36 -34 -74 -92 -30 -18 -14
right_child=1 3 26 15 -6 9 7 10 -10 80 25 12 32 20 21 31 64 29 -20 23 52 44 -24 24 65 87 -28 -29 30 -31 74 -33 89 34 68 75 -38 60 39 56 42 -43 -44 -45 -46 46 -48 -49 66 50 51 70 67 -55 -56 -57 -58 61 79 -61 -62 84 -64 81 -66 -67 -68 -69 69 -71 -72 73 90 -75 -76 -77 -78 -79 -80 -81 -82 -83 -84 -85 -86 -87 -88 -89 -90 -91 91 -93 -94 -95 -96
leaf_value=2.3606600039715477 -0.31743915740056494 -0.39433788186913588 -1.8560203653629577 2.0211664588405038 0.59583983814547425 -1.0650082637678926 0.030773167447725621 0.21659544780192228 2.4303354649775932 0.34913956527208412 0.32112874901422284 0.0822836890458572 -0.096820359693225541 0.25870623282735672 -0.59551500131624324 1.0201693502046845 0.61785683339296338 -0.062042416674961513 -0.12291156482946722 1.2930251559625743 -1.7738743726155217 -0.24250964743224693 0.94153486482082427 -0.12778468834197559 -0.31238251037373732 -0.42182101298287683 -0.79145693452057753 -0.08904397045256425 0.61385097367631769 -0.72693220201100528 0.08899346780202011 0.10148117865925882 0.083266228227074635 0.90975204608617044 0.29539947447464643 -0.41635640708892752 0.38089888137668509 0.21478983189311621 0.94521528831208712 -0.37907661484188221 -1.1685671149999841 0.14439369847882416 -0.24242913725142304 0.17131866242257457 0.43988170884277517 0.03458205893039118 -0.17144386988491539 0.42092023660842592 0.40809782157656671 -0.046193599738256777 -0.72336810992614542 0.021948194050292427 -0.10225845066255511 -0.27640639596492855 0.088281158615831343 -1.489918132404136 -0.70195176883065769 -0.82983950052972999 -0.46495616737104656 -0.16551501915154426 -0.10210013026299868 -0.19206911060677251 -0.26733601872538326 0.64244057256857467 0.25178417094675365 0.057624425902949084 0.08183651165315893 -0.56762474292104692 0.24761917558063773 0.72411958246120645 -0.25479295504416893 0.023325242500490131 0.30125689073648626 0.45008903410751461 0.42171570489360138 0.71756593749948983 0.016658479188913448 -0.73524540948038464 -0.241334709729078 -0.08723015432070956 -0.31531643421801964 -0.006868332052896416 -0.27297289712845768 0.051530220546250477 0.14247626723540899 -1.8640651272834845 0.37673740071596873 0.80728634140585775 0.0015215642248089969 0.47891859718921137 0.063501377063256495 -0.13226628442781202 1.3575317077636719 1.0784666605496496 -0.38966730640818714
leaf_weight=3720 9017 5457 3643 1849 2625 5140 4015 11405 2133 4097 4859 27584 22308 5757 1434 5634 6452 5081 4703 1121 584 3055 9541 20084 12008 8451 2036 15389 10441 8373 11502 2150 6296 2801 10053 488 9828 40645 2453 4276 1425 23342 27579 6347 1147 39308 14434 12290 13331 226413 3788 19772 4130 7742 2057 734 1887 2798 4472 41792 10847 11822 33570 1335 4193 11249 16749 18487 12498 5351 15291 11248 6231 5330 11642 10917 42145 11913 14761 44684 1926 276772 6932 12854 7960 992 2902 351 13776 6372 48408 19733 967 3444 7225
leaf_count=3720 9017 5457 3643 1849 2625 5140 4015 11405 2133 4097 4859 27584 22308 5757 1434 5634 6452 5081 4703 1121 584 3055 9541 20084 12008 8451 2036 15389 10441 8373 11502 2150 6296 2801 10053 488 9828 40645 2453 4276 1425 23342 27579 6347 1147 39308 14434 12290 13331 226413 3788 19772 4130 7742 2057 734 1887 2798 4472 41792 10847 11822 33570 1335 4193 11249 16749 18487 12498 5351 15291 11248 6231 5330 11642 10917 42145 11913 14761 44684 1926 276772 6932 12854 7960 992 2902 351 13776 6372 48408 19733 967 3444 7225
internal_value=-0.000410469 -0.00741895 -0.119903 0.0642378 1.63116 -0.10638 0.0540558 0.13037 0.864062 -0.50418 0.118759 0.193117 0.128591 -0.0876436 -0.00642182 1.00793 0.254584 -0.701225 0.499498 0.0124704 -0.343566 -0.277494 0.589983 0.113367 0.103847 0.0286015 -1.47498 0.187829 0.256402 -0.475902 0.395388 0.766558 -0.00826267 0.151399 0.281347 0.442831 0.0497654 0.0706377 -0.0691195 0.031368 -0.0906085 -0.0758757 -0.288048 0.387291 -0.48501 0.0290377 0.0871266 0.12925 0.0822674 -0.0899475 -0.0812754 -0.154672 -0.515398 -0.0481867 -0.547388 -0.406128 -0.00753637 -0.253226 -0.0817765 -0.0310801 0.148034 -0.221472 -0.310678 -0.0112654 0.621788 -0.133432 0.226457 -0.482671 0.239052 0.390568 -0.0657041 -0.00912227 0.00915083 0.160591 0.256394 0.66895 -0.059633 -0.634746 -0.0906022 -0.12162 0.136612 -0.00374454 -0.0115392 -0.013521 -0.0574514 -1.19512 -0.0408365 -0.372549 0.125525 0.282346 0.0314863 0.00680552 0.67723 0.778437 -0.168495
internal_weight=1.48415e+06 1.47781e+06 575075 902733 6345 569396 893100 394851 6148 25609 388703 213014 175960 543787 498249 9633 91614 19586 37054 465789 36700 32460 32351 140433 139312 175689 5679 77525 62136 13454 34552 7784 84346 116055 44479 22810 166887 71576 507087 89335 417752 388748 29004 8800 18172 157059 103044 88610 76320 365406 355655 126340 23201 13499 17025 9751 80535 59938 54015 325356 51492 56150 36368 283564 14089 23257 30080 22617 41678 17849 66402 51111 78648 16578 23144 11405 71678 14968 34533 49156 6023 278107 46240 14288 19782 6132 229315 8802 23829 12668 74372 68141 11408 9896 29533
internal_count=1484153 1477808 575075 902733 6345 569396 893100 394851 6148 25609 388703 213014 175960 543787 498249 9633 91614 19586 37054 465789 36700 32460 32351 140433 139312 175689 5679 77525 62136 13454 34552 7784 84346 116055 44479 22810 166887 71576 507087 89335 417752 388748 29004 8800 18172 157059 103044 88610 76320 365406 355655 126340 23201 13499 17025 9751 80535 59938 54015 325356 51492 56150 36368 283564 14089 23257 30080 22617 41678 17849 66402 51111 78648 16578 23144 11405 71678 14968 34533 49156 6023 278107 46240 14288 19782 6132 229315 8802 23829 12668 74372 68141 11408 9896 29533
is_linear=0
shrinkage=0.05


Tree=7
num_leaves=96
num_cat=0
split_feature=42 40 7 8 12 40 37 3 31 11 13 31 37 5 36 5 7 13 1 13 3 12 1 11 34 34 38 31 8 37 37 4 31 38 39 2 36 29 40 39 17 17 33 37 33 29 15 38 5 31 11 1 37 8 40 32 16 0 7 15 29 3 33 33 40 7 1 13 42 40 1 30 7 4 32 0 37 17 30 16 3 0 0 32 17 3 13 2 12 32 11 37 29 2 39
split_gain=6.2613e+06 4.29706e+06 3.42594e+06 3.27352e+06 1.74238e+06 1.7375e+06 1.49388e+06 1.37139e+06 1.23415e+06 2.96476e+06 1.14683e+06 957277 934014 1.52321e+06 1.0954e+06 921248 842718 811338 773778 759290 748016 739862 697876 629781 620713 558024 898202 489663 779061 490742 565910 642057 474635 464145 450111 443378 555172 441575 431857 503599 427519 419607 415439 412691 412633 408153 406315 402141 407628 390411 378729 364775 358139 371470 343678 339357 331201 323128 317225 308407 303822 301425 290838 280286 276896 300325 283099 273965 273764 289778 264094 256948 250604 241068 242045 232524 228303 217784 215345 212353 212169 211494 209003 221799 208976 206360 196644 195352 194891 193207 187284 181908 246989 349737 218598
threshold=353.64999389648443 -0.010668246075510977 122.74952316284181 60.330732345581062 700.02157592773449 -0.012355337385088204 13.757629394531252 2.0549803972244267 0.51721715927124035 348.32017517089849 12.073575973510744 0.50421869754791271 16.077447891235355 -18.469038963317868 0.37478725612163549 23.072167396545414 -5.3254690170288077 9.3992719650268572 -12.50595712661743 17.780648231506351 1.1502344012260439 4019.5832519531255 -13.297402381896971 930.66247558593761 11.600301742553713 9.4416122436523455 1457.5000000000002 4.2311358451843271 12.394386291503908 12.100013732910158 13.757629394531252 36.587495803833015 1.7167637944221499 2191.5000000000005 6641.5000000000009 19.397988319396976 0.24978739023208621 10996.350097656252 0.045295767486095435 6195.0000000000009 0.37005522847175604 0.53578874468803417 1.2781000733375552 14.987976074218752 1.7924228906631472 12464.750000000002 3125.5000000000005 1835.5000000000002 15.204525470733644 5.9936394691467294 279.33319091796881 2.3864843845367436 19.441330909729007 -44.805976867675774 -0.031549114733934396 3.1200886964797978 2503.678344726563 3.9553198814392094 -48.006473541259759 7306.5000000000009 12350.635253906252 4.5999023914337167 13.973191738128664 15.025330543518068 -0.057117903605103486 25.11395359039307 12.10818386077881 5.8900780677795419 1250.2249755859377 0.018704644404351715 -31.100840568542477 17.938108444213871 -29.197261810302731 11.983564853668215 2.5080271959304814 -16.977741241455075 13.450818061828615 0.42606899142265325 20.756619453430179 2503.678344726563 -0.13976562768220899 23.784609794616703 3.3305041790008549 5.38008737564087 0.33396995067596441 -5.1948046684265128 2.9798786640167241 42.099159240722663 1923.9669189453127 5.306185483932496 692.08010864257824 8.6012024879455584 12011.434570312502 -5.7070116996765128 4727.0000000000009
decision_type=2 2 2 2 2 2 2 2 2 2 2 2 2 2 2 2 2 2 2 2 2 2 2 2 2 2 2 2 2 2 2 2 2 2 2 2 2 2 2 2 2 2 2 2 2 2 2 2 2 2 2 2 2 2 2 2 2 2 2 2 2 2 2 2 2 2 2 2 2 2 2 2 2 2 2 2 2 2 2 2 2 2 2 2 2 2 2 2 2 2 2 2 2 2 2
left_child=4 2 5 6 -1 10 15 -7 9 -8 27 -12 13 20 17 18 -5 32 35 38 24 49 -4 59 43 42 -27 29 52 47 31 76 33 -15 80 36 -3 -18 39 67 -35 -30 -14 -10 -32 90 -34 48 63 50 -17 -28 53 -29 -50 -49 -40 71 -55 82 86 70 -19 91 66 87 -46 72 69 -69 -44 -38 -20 74 77 -37 -31 -72 -53 -52 -16 -21 83 -13 -78 -45 -43 -66 -26 -76 -24 -2 -93 -94 -95
right_child=1 3 22 16 -6 7 8 -9 12 -11 11 23 25 14 34 21 37 62 19 81 -22 -23 45 -25 88 26 51 28 41 30 44 -33 46 40 -36 75 57 -39 56 -41 -42 60 61 85 64 -47 -48 55 54 -51 79 78 -54 58 -56 -57 -58 -59 -60 -61 -62 -63 -64 -65 65 -67 -68 68 -70 -71 73 -73 -74 -75 89 -77 84 -79 -80 -81 -82 -83 -84 -85 -86 -87 -88 -89 -90 -91 -92 92 93 94 -96
leaf_value=0.54659965443757519 -0.21697867291534886 -0.058394103213995047 -1.8972143128354295 1.8877242708796615 2.2350088297973079 -0.12168513333976479 2.410861563806785 -1.146551333065793 0.20222614239645351 0.074445551612736818 -1.8723304859907675 -0.31646885258354174 -0.12097993612898028 -0.0078649646912982828 -0.15802913202356006 0.48620647516055088 0.97525742553865946 0.73796807998797453 0.29209023392277461 0.43791645567226856 -0.1637558999134881 0.11021996447750507 -0.57995765214018247 0.40694316787418239 0.81852525003300114 0.63726034908016027 -0.23038161618081754 -0.52390898605318126 -0.16498359113336925 0.057474109278881962 -0.27325510805968412 1.2141002230171685 0.20972992911838115 -0.033524040634440561 0.26607401496517291 1.5989437336391874 0.17176329172365806 0.12517268130526824 -0.061441407872800204 -0.10580682506608392 0.66974449671144864 -0.27731832568425346 0.75451255143856 -0.3990591751099945 -0.17533109380955714 0.41423742438563044 0.59790642602221034 0.19185512929011317 -0.6631661493190858 -0.028459341109596598 -0.21397250899352616 -0.061461971792133557 -0.67143979898683481 -0.53718180525708559 -0.17352563687167558 -0.20447984546214348 -0.31453213581068207 0.59291895637416026 -0.019023459148575825 -0.99882804142269732 -0.96483492023138473 0.477772539899739 0.24112800415665095 -0.26465378489644698 -0.0066331398248052663 -0.33490555366654345 0.3828428000499865 0.33085002583682105 -0.32123728537347596 0.081615470508523344 0.038224249856525172 1.0855171527716392 -0.0082253340888451092 0.2599366250870464 -0.12693562446691362 0.46332271141939529 0.0338998471802089 0.36701264363019859 0.30748841670111854 -0.66275142241667373 0.016408254094495339 1.2423002905756155 -0.47486746424527482 0.099837629859532859 0.39705735818419652 0.66348077080111101 -0.64132299043390995 -1.1739073339038426 1.5769792574524251 0.081040477926989082 -1.2058892814789612 0.00097649027111666926 -0.60492727660877166 0.054056746463374432 -0.21973745881992046
leaf_weight=2542 18407 24451 2195 2016 3837 6126 1993 6986 11559 4247 1004 13587 18488 35953 30139 878 5460 9906 7233 3054 4086 9397 1841 2828 8568 3987 38430 4110 15721 55999 17557 1329 23059 3565 12679 744 44567 2122 36022 86522 5483 9174 1580 474 3172 573 9527 19819 6055 5068 3260 16997 2455 3060 8782 7421 20160 5512 82870 1838 3134 6115 4197 21866 82534 7867 7987 16170 3236 41828 10108 780 173684 18939 19171 1146 6202 10037 5151 13849 41338 1116 14392 4183 10965 11482 6237 357 942 26738 3454 78847 3914 12763 16995
leaf_count=2542 18407 24451 2195 2016 3837 6126 1993 6986 11559 4247 1004 13587 18488 35953 30139 878 5460 9906 7233 3054 4086 9397 1841 2828 8568 3987 38430 4110 15721 55999 17557 1329 23059 3565 12679 744 44567 2122 36022 86522 5483 9174 1580 474 3172 573 9527 19819 6055 5068 3260 16997 2455 3060 8782 7421 20160 5512 82870 1838 3134 6115 4197 21866 82534 7867 7987 16170 3236 41828 10108 780 173684 18939 19171 1146 6202 10037 5151 13849 41338 1116 14392 4183 10965 11482 6237 357 942 26738 3454 78847 3914 12763 16995
internal_value=1.41956e-05 -0.00673455 -0.113629 0.0612695 1.56276 -0.0990606 0.0514028 -0.667866 0.124046 0.821476 -0.0855808 -0.351284 0.112843 0.183252 0.121816 -0.006129 0.9796 0.24137 0.0118013 -0.0168936 0.474325 -0.263704 -1.13683 -0.309668 0.553279 0.0275229 -0.0893886 -0.0660829 -0.151422 -0.0382614 0.0180397 0.126193 0.177944 0.0727004 -0.00844384 0.156396 0.137392 0.737485 -0.0241672 -0.00226848 0.39273 -0.355064 0.0954193 0.415336 -0.049398 -0.851576 0.323264 -0.0943019 -0.123256 -0.416107 -0.525307 -0.137243 -0.075971 -0.0597133 -0.373442 0.0838708 -0.152271 0.231517 -0.0374934 -0.369304 -0.516147 0.138586 0.590193 -0.0989548 -0.0108277 -0.0397285 0.224174 0.0347272 0.12614 0.151116 0.114612 0.187551 0.00378581 0.10269 0.0575947 0.912188 0.106383 0.202069 0.0243754 -0.577292 -0.0571485 0.653929 -0.333238 -0.218471 0.265887 0.621266 -0.424731 -0.0117028 0.894127 -0.0058102 -0.988713 -0.071276 -0.0474353 -0.160787 -0.102315
internal_weight=1.4842e+06 1.47782e+06 574606 903213 6379 566543 893615 13112 394938 6240 553431 37832 388698 212957 175846 498677 9598 91690 466225 389025 37111 32452 8063 36828 33025 175741 64565 515599 126761 388838 193969 74495 77587 45001 84156 77200 75310 7582 384855 328673 9048 34266 111176 23515 119474 5868 32586 194869 167629 23055 17987 60578 92495 90040 14837 27240 56182 50859 85930 34000 18545 92688 14103 152792 101917 90758 11159 242151 61234 57998 86573 45347 180917 84993 66054 1890 73166 20145 22148 17109 71477 4170 32162 17770 17167 11956 15411 82891 9510 45909 5295 130926 112519 33672 29758
internal_count=1484198 1477819 574606 903213 6379 566543 893615 13112 394938 6240 553431 37832 388698 212957 175846 498677 9598 91690 466225 389025 37111 32452 8063 36828 33025 175741 64565 515599 126761 388838 193969 74495 77587 45001 84156 77200 75310 7582 384855 328673 9048 34266 111176 23515 119474 5868 32586 194869 167629 23055 17987 60578 92495 90040 14837 27240 56182 50859 85930 34000 18545 92688 14103 152792 101917 90758 11159 242151 61234 57998 86573 45347 180917 84993 66054 1890 73166 20145 22148 17109 71477 4170 32162 17770 17167 11956 15411 82891 9510 45909 5295 130926 112519 33672 29758
is_linear=0
shrinkage=0.05


Tree=8
num_leaves=96
num_cat=0
split_feature=42 40 18 8 12 9 30 13 0 42 15 13 4 30 4 0 8 31 41 31 5 5 35 12 42 41 40 40 31 0 5 31 30 40 4 41 11 6 42 3 31 41 41 6 40 13 10 31 39 10 39 13 41 38 39 13 41 11 18 15 42 13 38 42 0 6 35 38 4 10 41 13 9 30 42 7 31 41 7 11 30 38 3 8 41 18 13 10 27 8 3 38 38 11 10
split_gain=5.64119e+06 3.8698e+06 3.44797e+06 2.94558e+06 1.55179e+06 1.32967e+06 1.01005e+06 1.13675e+06 967270 863680 861787 846193 833709 794125 780089 717005 710230 656025 618070 605102 1.13076e+06 535126 515945 719365 520444 476266 441858 474417 798038 1.87669e+06 818186 646714 430078 448768 393393 376763 394616 374217 422118 425460 532658 372443 410685 352597 351572 551684 349520 345964 341940 333913 333841 324398 316602 416873 314859 307219 298234 294188 291914 288916 285014 284430 281631 387530 267216 264956 264021 253458 352679 303004 251288 246843 248853 246588 241242 239515 237275 231906 498332 224993 224345 252603 219457 206235 206218 341363 199755 199299 197635 188380 184166 235846 201983 181763 192984
threshold=353.64999389648443 -0.010668246075510977 28.394999504089359 60.330732345581062 1626.2614746093752 33.480539321899421 11.16567373275757 14.274197101593019 3.9553198814392094 906.49499511718761 2436.5000000000005 12.073575973510744 -120.43614959716795 11.863085746765138 71.365947723388686 -44.579822540283196 -88.34450531005858 0.77366590499877941 -0.030032462440431115 7.1841576099395761 -18.078014373779293 -24.85461330413818 4.5192816257476816 713.39456176757824 1013.3150024414064 -0.043283687904477113 0.04591519013047219 0.043036350980401046 0.44581188261508947 -26.644992828369137 30.244591712951664 1.4062037467956545 1.7840750217437746 -0.0052269573789089909 -13.81272506713867 0.034944124519824989 386.07080078125006 5.3198242187500009 644.79498291015636 -1.6096679568290708 5.1568171977996835 0.023416954092681411 0.0067093747202306995 19.414550781250004 -0.012355337385088204 3.1108938455581669 -24.831468582153317 0.66484987735748302 7390.5000000000009 -8.0488147735595685 6753.5000000000009 11.088291168212892 -0.041650548577308648 1702.5000000000002 6310.5000000000009 4.1932833194732675 0.029891829006373886 899.57409667968761 99.604999542236342 1644.5000000000002 1039.2399902343752 2.9183876514434819 1690.5000000000002 1054.2500000000002 17.715396881103519 -3.2387695312499996 2.7695567607879643 1938.5000000000002 -60.69340515136718 18.461318969726566 -0.029549742117524144 19.656799316406254 7.5434639453887948 3.0318156480789189 683.79501342773449 -2.7374041080474849 5.3562831878662118 0.033552516251802451 -1.687748074531555 1823.1594238281252 6.0565466880798349 1559.5000000000002 -2.6248046159744258 -17.29238128662109 -0.036889180541038506 113.03499984741212 1.0830366611480715 -7.045902967453002 96.355491638183608 8.6259737014770526 3.0999023914337163 1613.5000000000002 1830.0000000000002 796.63873291015636 -27.19262599945068
decision_type=2 2 2 2 2 2 2 2 2 2 2 2 2 2 2 2 2 2 2 2 2 2 2 2 2 2 2 2 2 2 2 2 2 2 2 2 2 2 2 2 2 2 2 2 2 2 2 2 2 2 2 2 2 2 2 2 2 2 2 2 2 2 2 2 2 2 2 2 2 2 2 2 2 2 2 2 2 2 2 2 2 2 2 2 2 2 2 2 2 2 2 2 2 2 2
left_child=4 2 5 6 -1 11 7 12 17 13 71 37 -3 58 51 -9 -14 -7 -13 26 34 -4 23 60 -24 -17 27 28 29 -18 32 83 43 -34 -21 84 -37 44 41 47 70 42 -39 65 56 -46 -20 -40 82 76 55 -5 53 -35 74 89 79 -10 -8 -33 -12 -32 63 80 -57 -30 -25 68 -64 86 -41 72 -11 -42 -48 -44 -19 78 -58 -2 -54 -82 -27 -29 -15 -86 -69 -67 -49 -28 92 -92 -72 94 -26
right_child=1 3 21 14 -6 8 9 15 57 10 22 18 16 35 -16 25 19 49 46 20 -22 -23 24 66 93 48 50 31 30 -31 61 59 33 52 -36 36 -38 38 39 40 73 -43 75 -45 45 -47 54 88 -50 -51 -52 -53 62 -55 -56 64 77 -59 -60 -61 -62 -63 67 -65 -66 87 -68 69 -70 -71 90 -73 -74 -75 -76 -77 -78 -79 -80 -81 81 -83 -84 -85 85 -87 -88 -89 -90 -91 91 -93 -94 -95 -96
leaf_value=0.54337758185673957 -0.035914646385540032 2.6546649291531694 -1.6825041724980534 0.89117484010779791 2.1369459073429957 -1.9898282368100924 0.30923888225464558 2.2815956636202541 -0.60275724166742661 -0.0070515312177412137 0.15989385396375114 0.43097690970287206 -0.97026092599594893 0.043062111592765975 1.6197925996947238 1.0778886679926161 1.9975276576299787 0.30694660310438859 -1.6021622059182403 1.0684134592719314 0.069502333517449333 -0.71024195091304865 0.41892043990334094 0.19415548241602365 -0.50990006779820274 -0.12424288774596047 -0.025516422339078856 0.27376908956255191 0.26462044627883813 -0.0034135050511365562 -0.042011014244882058 0.10040761400492747 0.30781636354384379 0.020743868796329456 0.39795433187472085 -0.22277322715834333 0.54157183758575445 -0.24167528357298723 -0.63340791885389669 -0.19380514893491937 -0.02192913683278604 0.073918914367011299 -1.075289496637897 -0.74886681640788633 -0.043902784950665359 -1.2173877719121486 -0.56585541482109425 -0.23920470375580846 -0.25367644553938101 -0.38726278765127575 0.27539640492810397 0.16969938143977051 -0.10347174501126483 0.42293938907881057 -0.64368112580533543 -0.22833267400490209 1.1589001137762283 -1.1646456464469046 1.1002018184500055 0.60835038030061961 0.53381769954968095 -0.584999960503782 0.39433084596553208 -0.34231446722464587 -0.87724301604026911 0.27258668004761721 0.98398695498958821 -0.032055233822785377 0.014061698401642215 0.67152327280538759 -0.050787271561228191 -0.64573689875340357 0.21314609462629408 -0.35653100297495666 -0.18621337681734715 -0.47554409121431418 -0.71120342442665951 0.046268751285411781 0.13919509738240332 -0.32499157977957471 0.14617795814494181 -0.13808587102056577 0.38555775414273158 -0.090257627859690159 -0.073347093382403833 -0.43916444895658008 -0.22530490665729008 0.01381069141886262 0.10037152138550619 -0.27563960913302804 0.3834944740238001 0.029402095099597375 0.14828180254971815 -0.28599764729971594 0.18918605852048254
leaf_weight=2579 260005 295 3637 4383 3754 432 3067 469 11621 24719 10010 2559 1842 16133 2855 1885 1674 5883 568 3869 42178 2327 15943 1219 1104 2394 48800 5419 24832 3890 3458 3929 10677 24008 5044 2569 4917 13817 4898 14053 8023 5184 2751 1151 2704 1588 5342 24569 2920 3686 5438 2419 90982 8803 7238 24689 1519 2918 1883 9747 10386 7972 6304 13714 1693 9203 8096 32555 183390 1261 54375 1109 26676 17553 19302 4233 631 38703 5636 6907 22293 12030 17775 13774 22548 8890 22692 38797 5188 8898 7746 11963 16639 3939 9125
leaf_count=2579 260005 295 3637 4383 3754 432 3067 469 11621 24719 10010 2559 1842 16133 2855 1885 1674 5883 568 3869 42178 2327 15943 1219 1104 2394 48800 5419 24832 3890 3458 3929 10677 24008 5044 2569 4917 13817 4898 14053 8023 5184 2751 1151 2704 1588 5342 24569 2920 3686 5438 2419 90982 8803 7238 24689 1519 2918 1883 9747 10386 7972 6304 13714 1693 9203 8096 32555 183390 1261 54375 1109 26676 17553 19302 4233 631 38703 5636 6907 22293 12030 17775 13774 22548 8890 22692 38797 5188 8898 7746 11963 16639 3939 9125
internal_value=-0.000178798 -0.00656543 -0.108046 0.0579828 1.48856 -0.0954897 0.0485893 0.022588 -0.450735 0.157332 0.239143 -0.0790217 0.0105754 0.00418622 0.926405 0.350826 0.00944166 -0.0882375 -0.316775 0.0120493 0.177654 -1.3037 0.368885 0.516707 0.22299 0.314297 -0.00112896 0.0155662 0.00391409 0.599347 -0.00253333 0.199778 0.00697903 -0.0122334 0.689252 -0.0503656 0.279284 -0.0626368 -0.117926 -0.0884244 -0.0470244 -0.305229 -0.399717 0.118305 -0.0293311 -0.478629 -0.375777 -0.24413 0.251825 -0.00713787 -0.104178 0.634784 -0.02041 0.128679 -0.353779 -0.128736 -0.023161 -0.715746 0.610609 0.462477 0.350353 -0.42078 -0.0331095 -0.0900024 -0.27007 0.13204 0.880722 -0.000984046 0.026705 -0.0939312 0.00291465 0.0913046 0.107245 -0.251584 -0.268566 -0.712145 0.208038 0.0946262 0.356073 -0.0433988 -0.0623805 0.0465418 0.325036 0.0125492 -0.102255 -0.176825 -0.111438 0.0634396 -0.179997 -0.064102 0.033392 0.168604 -0.00413988 0.00247147 0.113607
internal_weight=1.48326e+06 1.47693e+06 574198 902734 6333 568234 893077 720744 25171 172333 112326 543063 695301 60007 9657 25443 695006 10632 35009 693164 51091 5964 59822 29711 30111 24974 642073 552555 519686 5564 514122 32869 502692 428709 8913 55057 7486 508054 190992 165007 130352 25985 20801 73983 317062 4292 32450 34655 23089 10200 89518 6802 418032 32811 31882 84080 312770 14539 4950 13676 20396 11430 385221 139019 26382 72832 9315 246202 189694 56508 104776 52504 51395 25576 24644 6984 6514 45858 7155 266912 125305 34323 20169 19193 47571 31438 55247 48000 29757 57698 90723 19709 71014 14168 10229
internal_count=1483265 1476932 574198 902734 6333 568234 893077 720744 25171 172333 112326 543063 695301 60007 9657 25443 695006 10632 35009 693164 51091 5964 59822 29711 30111 24974 642073 552555 519686 5564 514122 32869 502692 428709 8913 55057 7486 508054 190992 165007 130352 25985 20801 73983 317062 4292 32450 34655 23089 10200 89518 6802 418032 32811 31882 84080 312770 14539 4950 13676 20396 11430 385221 139019 26382 72832 9315 246202 189694 56508 104776 52504 51395 25576 24644 6984 6514 45858 7155 266912 125305 34323 20169 19193 47571 31438 55247 48000 29757 57698 90723 19709 71014 14168 10229
is_linear=0
shrinkage=0.05


Tree=9
num_leaves=96
num_cat=0
split_feature=38 40 12 7 0 40 37 13 3 37 5 4 5 36 5 41 7 16 40 10 3 13 12 1 38 6 36 15 33 41 10 38 3 32 29 36 5 37 41 29 39 38 6 32 29 4 29 38 19 37 38 9 32 14 37 39 3 15 11 7 36 41 36 5 41 39 40 10 33 1 10 0 29 11 13 35 5 38 15 0 32 32 7 41 37 0 36 7 3 13 41 5 0 40 33
split_gain=3.06484e+06 3.55306e+06 3.4477e+06 2.78651e+06 2.59607e+06 1.38827e+06 1.24721e+06 1.20319e+06 1.17532e+06 966474 1.59358e+06 1.66825e+06 1.30664e+06 906798 759742 741712 734227 725973 707888 685753 666709 641369 620577 577906 508778 486077 472580 468733 446878 428367 507430 422354 411780 398493 529586 479128 403371 408378 376027 372909 372063 367526 357537 359923 537945 356756 339468 337545 335225 323146 314231 302649 297373 289703 333919 279619 270588 269785 258574 258090 335649 355239 262298 265448 258429 245232 288267 240017 232244 230678 225411 212894 209828 232589 204691 203679 200998 200898 196358 190899 235679 189946 189827 186161 179784 188378 269497 176735 176351 172456 169240 225343 169054 228764 252086
threshold=1141.5000000000002 -0.010668246075510977 1001.5950317382814 122.74952316284181 59.865320205688484 -0.012355337385088204 13.757629394531252 12.215263366699221 2.0549803972244267 16.077447891235355 45.804769515991218 11.133995532989504 -18.469038963317868 0.37478725612163549 23.072167396545414 0.0044289876241236934 -11.44280433654785 1628.1271972656252 0.025160322897136215 -27.19262599945068 0.89962890744209301 5.9630954265594491 4019.5832519531255 -13.297402381896971 1288.5000000000002 -42.441406249999993 1.0972086787223818 5162.5000000000009 5.4896006584167489 0.029891829006373886 15.114087104797365 1948.0000000000002 -2.1648045778274532 14.908175945281984 11129.915039062502 0.32061447203159338 -23.513250350952145 16.429944992065433 0.033552516251802451 10996.350097656252 6641.5000000000009 1681.5000000000002 6.5815429687500009 3.6202446222305302 11943.814941406252 37.550338745117195 12464.750000000002 1344.5000000000002 0.080119047313928618 7.9309699535369882 2030.5000000000002 14.735619544982912 0.43261289596557623 4.735114812850953 22.840109825134281 6310.5000000000009 4.2099413871765146 7306.5000000000009 613.40649414062511 2.2163766622543339 6.2381827831268319 -0.016381362453103062 0.28430208563804632 12.683648109436037 -0.051596378907561295 3706.0000000000005 0.047770353034138686 -16.625988006591793 2.4718058109283452 -14.31140613555908 -0.32780157029628748 25.454277038574222 10952.984863281252 536.01049804687511 1.7542672753334048 0.76251241564750682 1.7915083169937136 1642.0000000000002 902.50000000000011 3.3305041790008549 5.38008737564087 2.5422104597091679 46.695457458496101 0.024434717372059826 11.734009742736818 8.4167013168334979 0.29025325179100042 73.895141601562514 -0.13976562768220899 19.656799316406254 0.022300976328551773 -20.503766059875485 9.0052466392517108 0.014431541785597803 2.6496707201004033
decision_type=2 2 2 2 2 2 2 2 2 2 2 2 2 2 2 2 2 2 2 2 2 2 2 2 2 2 2 2 2 2 2 2 2 2 2 2 2 2 2 2 2 2 2 2 2 2 2 2 2 2 2 2 2 2 2 2 2 2 2 2 2 2 2 2 2 2 2 2 2 2 2 2 2 2 2 2 2 2 2 2 2 2 2 2 2 2 2 2 2 2 2 2 2 2 2
left_child=2 3 51 5 6 7 14 29 -7 10 12 -12 20 15 21 17 -6 -14 67 -9 28 55 50 -5 -23 -26 27 48 -8 30 31 42 -30 34 76 41 -37 -38 45 -18 88 -36 59 49 56 -31 -25 -32 65 58 70 -1 -51 54 87 75 74 79 -44 62 61 -61 63 -2 -64 -27 84 -19 -40 -35 77 -29 -54 -74 -45 -3 -11 -16 -34 80 -21 -20 -46 -66 85 -67 -87 -39 -15 -24 92 -92 -77 -94 -95
right_child=1 4 -4 23 16 8 9 19 -10 33 11 -13 13 40 22 -17 39 18 81 57 -22 24 89 46 25 26 -28 71 32 38 47 -33 78 69 35 36 37 53 68 -41 -42 -43 43 44 82 -47 -48 -49 -50 52 -52 -53 72 -55 -56 -57 -58 -59 -60 60 -62 -63 64 -65 83 66 -68 -69 -70 -71 -72 -73 73 -75 -76 90 -78 -79 -80 -81 -82 -83 -84 -85 -86 86 -88 -89 -90 -91 91 -93 93 94 -96
leaf_value=0.1008031238109125 0.049575404180969229 -0.2310775037266653 2.0179540698167662 -1.7221295873985742 1.7701003840283549 -0.10100220642829445 0.23699180711458567 -1.6586265487699625 -1.0468784371252873 0.094909069485389019 2.2624505439336722 0.25637250423995211 0.060544450048374769 -0.14821589809316707 -0.40840918188153846 -0.081456985094355117 0.87490603278613155 1.0544211361944342 0.39329379353639826 -0.28698291948120386 -0.12204867854500071 0.8137934040350443 0.19011874206854246 -0.89522689004707101 1.1088209341819248 -0.28135316806727229 0.36849427099803556 -0.072898659168321486 0.28060329036373405 0.2192586661493385 -1.0235785807898161 0.13683693435790806 -0.056660203880619736 -0.79084206884025843 0.11498881979542025 0.48483893051571753 -0.36953469742512268 0.1667700248881101 -0.2666880952549468 0.10663954940305637 0.23837969036285633 -0.19721244402930063 -0.25769191414980125 -0.12385222910566558 -0.1868463472156083 1.1207110337215018 0.37245893641191274 -0.23638255793576418 0.53047192579891467 0.042190108947289494 -0.65458782669789173 0.71668463650047665 -0.75318104170274658 -0.28162880434680848 -0.11205999390658646 -0.14949563829658932 0.51089409555521781 -0.91635572609558613 0.31033907854679899 -0.29539545485075763 0.44156791078050567 -0.069555894552267336 -0.53167258787920457 0.39882832950368824 -0.012406886515345994 0.25311966031342353 -0.29287230656170826 0.55681566464241739 0.03356480131401373 -0.14941643367461305 -0.47875642746295144 -0.43518473922349277 -0.2192640195349779 -0.46332118161194774 0.16464057675760824 0.0079435435640136196 0.41826701398166694 0.075378991953051838 0.80303044281417213 -0.427520287773692 0.14082361566895008 0.14764933439896974 -0.73951413902372665 -0.25542302825446905 0.031349112274865081 -0.1279139943187752 0.25342660068629341 -0.62347567083095545 0.01079002282757793 -0.4245497668869514 0.88359541935276342 0.089238313033524211 0.091548430381187665 0.03788691183467633 -0.21626356131320867
leaf_weight=7731 36557 10140 3805 2183 1835 6244 10065 993 6927 7995 1861 2336 25135 30139 3337 17326 5612 2861 13261 12914 4721 2445 8037 5289 1150 4588 12674 17498 5926 7612 1422 24318 693 1546 12883 5805 5328 60584 7085 2199 12603 35117 3488 10915 22413 1280 585 30873 4219 6876 7164 2686 2513 5117 14130 41941 3449 1833 4699 22568 2720 76202 2653 6389 96429 30490 4590 15954 70481 14773 6635 5276 36260 13363 14072 183844 12053 6000 15771 14326 4286 19366 1667 8579 37613 9862 8733 713 41372 1327 922 25697 13663 13862 32936
leaf_count=7731 36557 10140 3805 2183 1835 6244 10065 993 6927 7995 1861 2336 25135 30139 3337 17326 5612 2861 13261 12914 4721 2445 8037 5289 1150 4588 12674 17498 5926 7612 1422 24318 693 1546 12883 5805 5328 60584 7085 2199 12603 35117 3488 10915 22413 1280 585 30873 4219 6876 7164 2686 2513 5117 14130 41941 3449 1833 4699 22568 2720 76202 2653 6389 96429 30490 4590 15954 70481 14773 6635 5276 36260 13363 14072 183844 12053 6000 15771 14326 4286 19366 1667 8579 37613 9862 8733 713 41372 1327 922 25697 13663 13862 32936
internal_value=9.13286e-05 -0.00697569 0.730485 -0.104592 0.0549176 -0.0913629 0.0460745 -0.079196 -0.59859 0.11227 0.182291 1.14687 0.163463 0.107155 -0.00684519 0.213957 0.870646 0.280797 0.388404 -0.365691 0.43306 0.00958821 -0.240504 -1.02768 0.0993335 0.0865365 0.0778387 0.0478492 0.513812 -0.0600796 -0.080567 -0.0650287 0.638202 0.0250076 0.0490541 0.014559 0.0815658 0.0542883 0.0414409 0.658743 -0.0120792 -0.113417 -0.0782325 -0.149382 -0.0513078 0.349357 -0.76885 -0.271136 0.0944321 -0.226021 -0.379489 0.259768 -0.266859 0.082337 0.107039 -0.0290711 0.0959494 -0.327059 0.0683284 -0.0444438 -0.106071 -0.121166 -0.00291346 0.101557 -0.0445886 0.0752283 0.0931582 0.632637 0.00612995 -0.210317 -0.255998 -0.156875 -0.307619 -0.28501 0.0386192 -0.0110997 0.289348 -0.0976 0.766841 -0.292712 -0.180373 0.247517 -0.225194 -0.0322677 0.113605 0.176631 0.0511916 0.157548 -0.0562279 0.102904 -0.00286403 0.116849 -0.015909 -0.0884344 -0.140984
internal_weight=1.48441e+06 1.47019e+06 14222 570463 899723 562406 890077 549235 13171 395434 219390 4197 215193 178017 494643 93903 9646 76577 51442 34352 37176 462143 32500 8057 139138 136693 135543 122869 32455 514883 428425 396130 22390 176044 159725 139677 91677 85872 86458 7811 84114 48000 371812 119715 52516 8892 5874 32295 100095 67199 23136 10417 59012 80544 75427 323005 28436 33359 8187 252097 101490 98770 150607 42946 107661 95876 91288 18815 77566 16319 15972 22774 52136 49623 24987 281064 20048 9337 16464 31526 17200 32627 24080 105008 86698 49085 18595 61297 71511 9364 270924 26619 244305 60461 46798
internal_count=1484408 1470186 14222 570463 899723 562406 890077 549235 13171 395434 219390 4197 215193 178017 494643 93903 9646 76577 51442 34352 37176 462143 32500 8057 139138 136693 135543 122869 32455 514883 428425 396130 22390 176044 159725 139677 91677 85872 86458 7811 84114 48000 371812 119715 52516 8892 5874 32295 100095 67199 23136 10417 59012 80544 75427 323005 28436 33359 8187 252097 101490 98770 150607 42946 107661 95876 91288 18815 77566 16319 15972 22774 52136 49623 24987 281064 20048 9337 16464 31526 17200 32627 24080 105008 86698 49085 18595 61297 71511 9364 270924 26619 244305 60461 46798
is_linear=0
shrinkage=0.05


Tree=10
num_leaves=96
num_cat=0
split_feature=42 40 18 8 12 37 9 31 0 34 37 5 36 5 13 4 16 36 36 37 13 12 34 38 31 40 2 6 34 41 5 4 31 41 8 2 41 33 2 37 18 9 9 37 40 31 4 10 40 42 38 42 31 12 30 37 31 40 33 38 34 6 42 2 33 31 16 38 18 38 31 13 31 2 4 33 0 18 2 34 10 31 34 36 34 36 41 31 37 18 41 17 18 13 41
split_gain=4.59174e+06 3.16188e+06 2.91445e+06 2.38859e+06 1.26418e+06 1.12485e+06 1.10571e+06 964092 2.24457e+06 956259 687968 1.17337e+06 827443 687646 685201 631328 629050 609610 575347 567404 562528 554911 549288 523312 449064 445663 438631 601926 432626 806330 431670 424629 382764 364979 360310 337744 326892 422389 455474 354140 424431 313413 305764 478101 373465 298024 295534 292426 283806 279962 276645 318404 274073 277461 271187 251370 237343 230603 224222 223487 239038 330174 279798 219505 217770 574349 216100 251705 213248 212082 208972 208914 208308 207676 198864 284857 196812 248400 238735 200472 196295 191003 195950 181225 178307 177178 171953 170432 163426 181537 160548 158989 157547 156804 156338
threshold=353.64999389648443 -0.010668246075510977 28.394999504089359 60.330732345581062 713.39456176757824 13.757629394531252 33.480539321899421 0.51721715927124035 -26.644992828369137 8.3537793159484881 16.077447891235355 -18.469038963317868 0.37478725612163549 23.072167396545414 11.938191890716555 77.98425674438478 2132.052612304688 0.071453113108873381 0.24623458087444308 14.987976074218752 5.9630954265594491 4019.5832519531255 3.6024255752563481 1988.5000000000002 1.8508620262145998 0.027238593436777595 39.479745864868171 -19.040527343749996 9.4416122436523455 0.034944124519824989 -24.85461330413818 -12.559677124023436 4.2311358451843271 -0.0062845933716744176 -19.569058418273922 11.119531631469728 -0.023247523233294484 1.5224252343177798 22.178945541381839 13.610992431640627 10.204999923706056 5.8170499801635751 13.611914634704592 7.9309699535369882 -0.055615752935409539 0.50421869754791271 -29.204670906066891 -4.3010225296020499 0.053465092554688461 906.49499511718761 2030.5000000000002 978.80499267578136 1.8866134285926821 700.02157592773449 2.6514476537704472 19.441330909729007 0.44581188261508947 0.05576321296393872 1.2781000733375552 1948.0000000000002 14.802423477172853 14.233886718750002 641.95498657226574 1.9198828339576723 2.9506083726882939 1.2577503323554995 5363.5725097656259 1841.5000000000002 151.34500122070315 1527.5000000000002 1.4890818595886233 3.7337608337402348 7.0344245433807382 -5.9773242473602286 -1.4541128873825071 15.254503250122072 7.6968796253204355 143.51499938964847 -3.4169141054153438 5.4506258964538583 -1.6691181659698484 1.39860475063324 17.505468368530277 1.251786530017853 6.0996470451354989 0.15077836066484454 0.052792919799685485 1.368117690086365 18.340476989746097 74.924999237060561 -0.0047179809771478167 0.66078665852546703 -132.77500152587888 19.656799316406254 0.00032889978319872176
decision_type=2 2 2 2 2 2 2 2 2 2 2 2 2 2 2 2 2 2 2 2 2 2 2 2 2 2 2 2 2 2 2 2 2 2 2 2 2 2 2 2 2 2 2 2 2 2 2 2 2 2 2 2 2 2 2 2 2 2 2 2 2 2 2 2 2 2 2 2 2 2 2 2 2 2 2 2 2 2 2 2 2 2 2 2 2 2 2 2 2 2 2 2 2 2 2
left_child=4 2 6 5 -1 13 14 8 -7 18 11 19 16 20 36 46 -13 -18 92 23 56 50 54 70 25 -22 27 48 33 74 -4 34 -20 41 -19 -14 39 38 55 -2 63 -12 59 -44 73 -46 -5 -35 -26 -33 51 90 53 -24 -16 81 -3 -29 -49 60 61 86 -63 -41 65 -47 67 87 -21 -54 -9 -25 76 -45 88 -76 -58 78 79 -78 -11 -38 -83 -67 -48 -51 -39 -27 89 -30 -15 -52 -8 -23 -66
right_child=1 3 30 15 -6 7 9 10 -10 80 28 12 35 21 22 -17 17 31 32 68 24 93 52 71 26 66 -28 57 29 -31 -32 49 -34 47 -36 -37 37 42 -40 40 -42 -43 43 44 45 64 84 58 -50 85 91 -53 69 -55 -56 -57 72 -59 -60 -61 -62 62 -64 -65 94 83 -68 -69 -70 -71 -72 -73 -74 -75 75 -77 77 -79 -80 -81 -82 82 -84 -85 -86 -87 -88 -89 -90 -91 -92 -93 -94 -95 -96
leaf_value=0.47254003851016813 -0.24631000605323927 -0.35098735456673613 -1.5288524455373056 0.038961516347275349 1.9148558869289596 1.9562853219271839 -0.78906678694026322 -0.24425429334336224 -0.0038772697081721572 0.34689166226756579 -0.062297042901719384 0.054730286055964618 -0.041739049787849092 -0.081834251258165736 0.23313874095804851 1.5386935258872487 -0.16881113287889357 1.2481624016447759 -0.053989360738421643 0.49466754159555476 -0.15962730594075619 0.17876979338345378 -0.4421991944205852 1.0481511764823501 0.75447106334551528 0.25745616231943536 -0.88222645566354396 0.13341146578704408 -0.13813211992294688 0.41119082545407792 -0.65653164450930979 0.05708186848487621 -0.60462370539128363 -0.12699171719274585 0.50034311569966949 0.30053212863743278 -0.020365465377655299 -0.010359320547220243 -1.0627108851632707 -0.063277028365812324 -1.2007222586752664 0.26816116996771944 0.43676763030348298 -0.032457910777416304 -0.68659533447207399 0.81051385827731792 -0.26512426156215568 -0.11526463963405331 -0.18399817023999648 0.17607034557526435 -0.39186887509497437 0.26962293613440358 -0.49100808365163023 -0.96709632321108963 -0.2192518417367901 -0.45920946711241256 -0.0051452636233622765 0.69641138961815174 0.15130591243473865 0.18206920777774122 0.12346405745485643 -0.7668973415444762 -0.14911772602658888 0.28796684355175028 -0.093095996563163752 -0.37972591908409259 -0.18747320564145073 -0.086994481328895867 0.86579009093733217 -0.0014192452194322135 0.19877997956940927 0.32064994222100024 0.11020950598286439 0.46624406162408899 -0.18592903428884122 0.13085273833682917 -0.13880886752408553 -0.26008278771263882 -0.095281479766270272 0.2704451032343167 -0.26817515710202777 -0.21660330421961047 0.21882111505377325 0.024640798585909989 0.8630321976687686 0.48799832999141846 0.23216866473527978 0.047509193864987059 -0.11213549677768841 -0.49835971203731194 -0.45898024435075035 -0.86716238362388764 -1.3223736541136957 -0.40497962412852256 -0.24950818249316145
leaf_weight=2524 41975 5530 3688 1758 3823 2318 3804 3347 3939 4002 9104 38703 76243 4072 5789 2404 5686 1804 5083 10989 24487 8022 10960 2348 6516 26949 915 46558 5847 7424 2315 10397 8325 24329 14982 7957 34523 189880 1328 14826 707 33843 4049 4486 2511 2055 375 10293 918 7064 3645 2519 3862 3271 7736 5383 199403 1890 33739 17549 32778 2020 19531 6351 30470 3779 6109 10948 5992 5172 12955 1707 27752 3901 16642 12368 4447 17993 61126 9135 1916 34284 2792 10362 5050 12826 7598 15075 13483 8712 9199 3415 2199 1340 33595
leaf_count=2524 41975 5530 3688 1758 3823 2318 3804 3347 3939 4002 9104 38703 76243 4072 5789 2404 5686 1804 5083 10989 24487 8022 10960 2348 6516 26949 915 46558 5847 7424 2315 10397 8325 24329 14982 7957 34523 189880 1328 14826 707 33843 4049 4486 2511 2055 375 10293 918 7064 3645 2519 3862 3271 7736 5383 199403 1890 33739 17549 32778 2020 19531 6351 30470 3779 6109 10948 5992 5172 12955 1707 27752 3901 16642 12368 4447 17993 61126 9135 1916 34284 2792 10362 5050 12826 7598 15075 13483 8712 9199 3415 2199 1340 33595
internal_value=0.000133238 -0.00563312 -0.0972872 0.052741 1.34179 0.0443118 -0.0857187 0.107315 0.722884 -0.408617 0.0974031 0.157825 0.103717 -0.00567022 -0.070669 0.837636 0.207834 0.320139 -0.57823 0.412358 0.00978243 -0.229079 -0.279011 0.234286 0.0934447 0.0197139 0.201921 0.219719 0.0241874 -0.0788727 -1.19295 0.379207 -0.395936 0.0838864 0.58092 -0.00938443 -0.0555413 -0.0402912 -0.145646 -0.161296 0.00177678 0.19811 -0.0176595 -0.0946779 -0.118297 -0.150513 0.602463 0.0121209 0.638555 0.267365 -0.361901 -0.24549 -0.426302 -0.563026 -0.0256097 -0.129785 -0.0263083 0.155416 0.0889882 0.00956459 -0.00245967 -0.0213058 -0.207122 0.0420871 -0.133716 0.0300831 0.0940489 0.126524 0.625754 -0.21081 0.107791 0.742365 -0.0206917 0.199584 -0.142661 -0.050874 -0.0331292 -0.0933216 -0.0531493 0.136446 0.147723 -0.105 -0.183799 -0.0834784 0.784945 0.377259 -0.00102462 0.182152 -0.237602 -0.353748 -0.343304 -0.622045 -0.984989 0.0951134 -0.175125
internal_weight=1.48379e+06 1.47745e+06 574855 902591 6347 893004 568852 395041 6257 25329 388784 213000 175662 497963 543523 9587 91462 52759 19411 37338 465751 32212 36790 20357 140365 83568 56797 55882 175784 64476 6003 47073 13408 111308 16786 84200 506733 442874 78310 63859 21884 42947 364564 95208 91159 82772 7183 68361 7434 30287 22850 15790 23265 14231 13525 76982 325386 48448 44032 269356 251807 219029 21551 21177 80261 16196 59081 52972 16981 9034 16302 4055 319856 8387 57052 29010 292104 92701 74708 13582 5918 71599 37076 14141 5425 19890 197478 42024 28042 14559 13271 7060 6003 9362 64065
internal_count=1483793 1477446 574855 902591 6347 893004 568852 395041 6257 25329 388784 213000 175662 497963 543523 9587 91462 52759 19411 37338 465751 32212 36790 20357 140365 83568 56797 55882 175784 64476 6003 47073 13408 111308 16786 84200 506733 442874 78310 63859 21884 42947 364564 95208 91159 82772 7183 68361 7434 30287 22850 15790 23265 14231 13525 76982 325386 48448 44032 269356 251807 219029 21551 21177 80261 16196 59081 52972 16981 9034 16302 4055 319856 8387 57052 29010 292104 92701 74708 13582 5918 71599 37076 14141 5425 19890 197478 42024 28042 14559 13271 7060 6003 9362 64065
is_linear=0
shrinkage=0.05


end of trees

feature_importances:
btP=61
slp700=56
pfx_gr=52
cutn=50
dPS=47
slp50=43
tw_span=41
npred=40
dz=39
dB=35
btG=35
pstd=34
btS=33
btB=33
dS=32
dG=32
dSG=31
lk=31
dP=29
dSB=29
btZ=29
cstd=28
cmean=28
nn_real=26
nn_aniso=26
dPZ=24
dZ=22
btPS_ratio=20
md_since=16
hd_since=14
frac=11
btBlend=10
dzdmd=3
twgr_S=2
zstd=1
grm101=1
twgr_P=1

parameters:
[boosting: gbdt]
[objective: regression]
[metric: rmse]
[tree_learner: serial]
[device_type: cpu]
[data_sample_strategy: bagging]
[data: ]
[valid: ]
[num_iterations: 11]
[learning_rate: 0.05]
[num_leaves: 96]
[num_threads: 6]
[seed: 42]
[deterministic: 0]
[force_col_wise: 0]
[force_row_wise: 0]
[histogram_pool_size: -1]
[max_depth: -1]
[min_data_in_leaf: 60]
[min_sum_hessian_in_leaf: 0.001]
[bagging_fraction: 0.8]
[pos_bagging_fraction: 1]
[neg_bagging_fraction: 1]
[bagging_freq: 1]
[bagging_seed: 400]
[bagging_by_query: 0]
[feature_fraction: 0.8]
[feature_fraction_bynode: 1]
[feature_fraction_seed: 30056]
[extra_trees: 0]
[extra_seed: 12879]
[early_stopping_round: 0]
[early_stopping_min_delta: 0]
[first_metric_only: 0]
[max_delta_step: 0]
[lambda_l1: 0.05]
[lambda_l2: 3]
[linear_lambda: 0]
[min_gain_to_split: 0]
[drop_rate: 0.1]
[max_drop: 50]
[skip_drop: 0.5]
[xgboost_dart_mode: 0]
[uniform_drop: 0]
[drop_seed: 17869]
[top_rate: 0.2]
[other_rate: 0.1]
[min_data_per_group: 100]
[max_cat_threshold: 32]
[cat_l2: 10]
[cat_smooth: 10]
[max_cat_to_onehot: 4]
[top_k: 20]
[monotone_constraints: ]
[monotone_constraints_method: basic]
[monotone_penalty: 0]
[feature_contri: ]
[forcedsplits_filename: ]
[refit_decay_rate: 0.9]
[cegb_tradeoff: 1]
[cegb_penalty_split: 0]
[cegb_penalty_feature_lazy: ]
[cegb_penalty_feature_coupled: ]
[path_smooth: 0]
[interaction_constraints: ]
[verbosity: -1]
[saved_feature_importance_type: 0]
[use_quantized_grad: 0]
[num_grad_quant_bins: 4]
[quant_train_renew_leaf: 0]
[stochastic_rounding: 1]
[linear_tree: 0]
[max_bin: 255]
[max_bin_by_feature: ]
[min_data_in_bin: 3]
[bin_construct_sample_cnt: 200000]
[data_random_seed: 175]
[is_enable_sparse: 1]
[enable_bundle: 1]
[use_missing: 1]
[zero_as_missing: 0]
[feature_pre_filter: 1]
[pre_partition: 0]
[two_round: 0]
[header: 0]
[label_column: ]
[weight_column: ]
[group_column: ]
[ignore_column: ]
[categorical_feature: ]
[forcedbins_filename: ]
[precise_float_parser: 0]
[parser_config_file: ]
[objective_seed: 16083]
[num_class: 1]
[is_unbalance: 0]
[scale_pos_weight: 1]
[sigmoid: 1]
[boost_from_average: 1]
[reg_sqrt: 0]
[alpha: 0.9]
[fair_c: 1]
[poisson_max_delta_step: 0.7]
[tweedie_variance_power: 1.5]
[lambdarank_truncation_level: 30]
[lambdarank_norm: 1]
[label_gain: ]
[lambdarank_position_bias_regularization: 0]
[eval_at: ]
[multi_error_top_k: 1]
[auc_mu_weights: ]
[num_machines: 1]
[local_listen_port: 12400]
[time_out: 120]
[machine_list_filename: ]
[machines: ]
[gpu_platform_id: -1]
[gpu_device_id: -1]
[gpu_device_id_list: ]
[gpu_use_dp: 0]
[num_gpu: 1]

end of parameters

pandas_categorical:[]
